Residue,6-nt,8-nt,10-nt,12-nt,14-nt,16-nt,18-nt
1,0.00018743419720862283,0.0,0.00012745525410186353,0.0,0.0,0.0,0.0
2,0.0,3.427368177529103e-05,0.0,0.0,0.0,0.0001895763023195785,0.0
3,0.0004262789170801822,5.99789431067593e-05,7.068946866153775e-05,0.00039200523530489114,0.001185655178913974,0.002312402467276667,0.0027954471697971745
4,0.0003566605009741223,0.000717605212170156,0.001489834104669682,0.0012606288577974231,0.0002013578804298348,0.0037690339427265355,0.001042134136479943
5,0.0034916313308577737,0.0021945866861741038,0.00487007596975776,0.00595826536612325,0.005172112790402512,0.004041081291817908,0.006821533725838393
6,0.0033341866052025307,0.0014726972637820364,0.005854373268241899,0.0023520314118293468,0.003268852399318382,0.004601241778332821,0.007208183698365895
7,0.003166031353992509,0.0027258287536911147,0.003954326034824203,0.003328831342425141,0.00490970491431044,0.004682641772549137,0.0066983626819584405
8,0.00019493156509696772,0.0004562683886335618,0.0007293867902804122,0.0010432051890354207,0.0022449261562815623,0.00032024471408787555,0.0008332788881617632
9,0.008460244135719495,0.02040997749718581,0.0018036525034246904,0.015331046279109868,0.002188160370841237,0.005606960127926517,0.021001198507809578
10,0.0213193011167865,0.008575917811711102,0.0027622445405773616,0.003897560249383877,0.0011695893905818064,0.0037636786799491464,0.0272315112230242
11,0.006489507433640261,0.020009403841437096,0.00648522322341835,0.004230657594137486,0.0025608866601475266,0.004012162872820006,0.01078871239132833
12,0.0025544603448146596,0.003517336592189242,0.00047554733463216306,0.00037165523675081213,0.0003363105024200432,0.01773984347637954,0.012331028071216426
13,0.000834349940717241,0.0033416839730908755,0.02051279854251168,0.0012488472796871669,3.1060524108857494e-05,0.08978847783081868,0.00044984207330069477
14,0.029973405765047485,0.02319150098376177,0.0019150419691943863,0.00022277893153939169,0.001744744612873409,0.03333436868413696,0.01253345700420174
15,0.03472887911136911,0.02385769567326899,0.003764749732504624,0.0012906183293508028,0.0006993973187270325,0.015204662077563482,0.011900464943914332
16,0.006075010094670335,0.007602331038781741,0.01630034884181732,0.017341411925741783,0.004227444436471053,0.013279980635369797,0.004711560191547039
17,0.0013206078009041825,0.0069532731901621675,0.005695857490031178,0.006030025887340266,0.0009178920400445129,0.00216673931973168,0.0018807682874190954
18,0.008372417826170313,0.020566351170285574,0.012896543820508729,0.014314617403961394,0.04336049165596507,0.015724122566970238,0.02322256150787063
19,0.002441999826489486,0.001614076201105112,0.00547093645338083,0.003931833931159168,0.022504956295700474,0.004577678622112308,0.005798678535357051
20,0.003584812903184346,0.0009232473028219021,0.003496986593635163,0.00537668382849878,0.009920088768835798,0.01043526504802064,0.005648731177590153
21,0.003220655034321879,0.00299144978744962,0.005812602218578263,0.0036094471119603364,0.019313219680376494,0.013632356926122007,0.008520223078826255
22,0.0003759394469727235,0.0002613368235365941,0.0003384526075309989,0.0017725919793158329,0.0016890498799885612,0.0011942235993577968,0.001240278859243344
23,0.00042734996963566006,0.00019493156509696772,0.0001220999913244743,0.0,0.0,0.0004337762849685271,0.00045198417841165047
24,4.391315477459163e-05,8.139999421631619e-05,1.1781578110256292e-05,0.00017886577676480005,0.0002559815607592049,0.0003405947126419546,0.0003084631359776193
25,0.013906546380324335,0.013391370101139492,0.017981901353917536,0.011700178116039975,0.03301412397004908,0.014457067393839947,0.015416730483548096
26,0.00097894203570675,0.0008675525699370542,0.000827923625384374,0.0011631630752489393,0.002677631388694612,0.0020242893298531264,0.000689757845727732
27,0.011195712362409911,0.013078622754939961,0.015288204176890755,0.00944668353931459,0.032930581870721815,0.013699833237117112,0.010227480852257938
28,0.0006072867989559379,0.0004584104937445175,0.00019064735487505635,0.0005044657536300649,0.000765802577166659,0.00022706314176130309,0.00022706314176130309
29,0.0008386341509391524,0.0009403841437095477,0.0008729078327144434,0.0019503867035251551,0.006735849521400166,0.00041985260174731513,0.0005623025916258685
30,0.0009275315130438135,0.0008664815173815764,0.002056420906517462,0.0008418473086055859,0.001109610447475047,0.0008557709918267979,0.0014030788476759766
31,3.213157666433534e-06,4.284210221911379e-06,5.248157521841439e-05,3.213157666433534e-06,2.1421051109556894e-06,0.0,4.284210221911379e-06
32,0.003938260246492035,0.005359546987611135,0.004759757556543542,0.006696220576847485,0.00380652078216826,0.005665868018477798,0.004334549692018837
33,5.355262777389224e-06,0.0008461315188274973,9.639472999300602e-06,2.1421051109556894e-06,0.0005162473317403211,2.1421051109556894e-06,2.1421051109556894e-06
34,0.0011738736008037177,0.0019985840685216583,0.003137112934994607,0.0025298261360386693,0.0020339288028524273,0.002501978769596245,0.0020242893298531264
35,8.032894166083836e-05,1.7136840887645515e-05,0.0007668736297221368,0.0008911157261575667,0.0005290999624060552,0.0013773735863445082,0.0018111498713130354
36,2.1421051109556894e-06,1.0710525554778447e-06,1.0710525554778447e-06,1.0710525554778447e-06,0.0,0.0,3.213157666433534e-06
37,1.0710525554778447e-06,0.0,0.00011138946576969584,2.1421051109556894e-06,0.00017351051398741083,0.000110318413214218,0.0
38,0.0010656972927004555,5.248157521841439e-05,8.568420443822758e-06,0.00039200523530489114,7.17605212170156e-05,8.568420443822758e-06,0.0004862578601869415
39,0.0,0.00020778419576270187,0.0,0.0,0.0,0.0,0.0
40,0.0010656972927004555,0.0008900446736020889,0.0011749446533591956,0.0014116472681197994,0.001531605154333318,0.0017083288259871622,0.0020714156422941515
41,2.1421051109556894e-06,6.426315332867068e-06,3.213157666433534e-06,2.1421051109556894e-06,3.213157666433534e-06,2.1421051109556894e-06,3.213157666433534e-06
42,0.0015830156769962545,0.00017458156654288868,0.0011770867584701514,0.0023616708848286476,0.0013291762213480053,0.0016836946172111718,0.0012242130709111765
43,0.01384014112188471,0.0013291762213480053,0.003351323446090176,0.002150673531399512,0.008540573077380334,0.013510256934797533,0.0053209890956139325
44,0.0018529209209766713,0.0006908288982832099,0.0011760157059146734,0.002056420906517462,0.006495933748973128,0.002020005119631215,0.0009510946692643261
45,0.0159629672868418,0.014427077922286568,0.019493156509696772,0.003908270774938655,0.019423538093590712,0.02372916936661165,0.015160748922788892
46,0.014074701631534356,0.012484188586649759,0.017337127715519873,0.002324184045386923,0.006941491612051911,0.01518645418412036,0.01054022819845747
47,0.005123915425406009,0.007837962600986868,0.0067187126805125195,0.011686254432818764,0.01706936457665041,0.011903678101580766,0.010025051919272627
48,0.003931833931159168,0.0017458156654288869,0.00845810203060854,0.004169607598475249,0.023130450988099533,0.00742882052479433,0.0051399812137381765
49,0.001068910450366889,0.0011053262372531358,0.0007133210019482446,0.00027954471697971746,0.015311767333111268,9.532367743752817e-05,0.0015262498915559286
50,0.003895418144272921,0.0017136840887645515,0.003350252393534698,0.009512017745198739,0.017133627729979083,0.006752986362287811,0.003475565542525606
51,0.004517699679005549,0.006038594307784089,0.0055052101351561215,0.014949751569359756,0.04010234978220146,0.007908652069648405,0.011879043892804775
52,0.05068220692521161,0.029972334712492006,0.1149592839371035,0.056572995980339755,0.1285873566530036,0.03771497363604134,0.047838562390417935
53,0.04827233867538646,0.028739553221137006,0.10724235027488563,0.05651515914234395,0.15972928075607742,0.0044159496862351535,0.05026556748113073
54,0.048769307061128184,0.048354809722158255,0.010101096650711553,0.013663417450230865,0.001744744612873409,0.0007615183669447476,0.015064354192795885
55,0.02942395580408735,0.03210265824533744,0.0924264802749606,0.0008054315217193392,0.20300515926015972,0.0009703736152629273,0.04634551512808182
56,0.039936336636102396,0.04054469448761381,0.00027418945420232824,0.01010752296604442,0.0,4.284210221911379e-06,0.014972243673024792
57,0.08337501512861734,0.030908434645979643,0.09239541975085175,0.000992865718927962,0.20226077773410261,0.0005066078587410205,0.0457660756955683
58,0.05758085643504441,0.07155166596869741,0.16422341727886244,0.23941987509385096,0.0045466180980034505,0.05582968550683813,0.04999887539481675
59,0.10181532697627939,0.06417746912423246,0.25367130039703917,0.04361111795394688,0.1992457647904325,0.055127075030444665,0.0871526174917877
60,0.009246396711440234,0.001702973563209773,0.0021496024788440343,0.19482981510419733,0.000537668382849878,0.0006265657449545392,0.0006726210048400864
61,0.010089315072601296,0.004060360237816509,0.0,0.0012199288606892652,0.002292052468722588,4.391315477459163e-05,0.006893294247055409
62,0.0002034999855407905,0.0,0.006793686359395969,0.00013281051687925275,0.0008150709947186398,0.045154504686390456,0.0799979864211957
63,0.10116198491743791,0.06422245333156253,0.24699221666107934,0.043314436396079514,0.19880663324268658,0.009552717742306897,0.007501652098566824
64,0.009557001952528808,0.0010464183467018542,0.001185655178913974,0.19535034664615958,0.0003405947126419546,2.1421051109556894e-06,2.784736644242396e-05
65,0.04884320968745615,0.02907050846077966,0.053985333006305286,0.018678085514978134,0.10078925862813162,0.024704898244651965,0.030687797819551207
66,0.047669336086652435,0.0367938684383304,0.17983293722239654,0.011987220200908038,0.10315092951296026,0.06598005057510167,0.10282104532587309
67,0.07536032885597663,0.04144223652910425,0.08486056502306512,0.035474331689981695,0.13323572474377746,0.009172494085112263,0.00696184161060599
68,0.025202937682949164,0.011858693894250696,0.0006608394267298302,0.2010290672953031,0.04758686503988064,0.0030300076794468225,0.002620865603254286
69,0.0018218603968678138,0.003942544456713946,0.031056239898635585,0.007893657333871715,0.015701630463305204,0.0001531605154333318,0.0041878154919183725
70,0.040486857649618006,0.024989798224409072,0.1650042145918058,0.04233977857059468,0.05715779067563066,0.036987728950871886,0.06218531137104366
71,0.09168102769634803,0.05288536203182954,0.08487341765373085,0.1988880332369029,0.18016817667226112,0.01197115441257587,0.008382057299169613
72,0.007758704711881507,5.141052266293654e-05,5.569473288484792e-05,0.0038054497296127823,0.00013816577965664197,0.00027204734909137254,0.0001681552512100216
73,0.0015455288375545299,0.003559107641852878,0.01093223343376236,3.534473433076887e-05,0.002046781433518161,0.00010496315043682878,0.004017518135597396
74,0.03470103174492669,0.04256255750213407,0.14505157653580902,0.0470277756059212,0.043092728517095606,0.04034333660718398,0.061041427241793324
75,0.0940223485826226,0.0561456460107041,0.09597166423359227,0.17028021948008967,0.18313606330349022,0.017076861944538755,0.010698743976668191
76,0.017102567205870223,0.014562030544276777,0.01154380444294021,0.015999383073728043,0.007484515257679179,0.01169803601092902,0.011050049214864924
77,0.012287114916441834,0.006965054768272424,0.012979014867280522,0.007070017918709252,0.008211759942848635,0.009220691450108764,0.028621737440034444
78,0.006181044297662642,0.016364611995145988,0.043931362668034754,0.01082298607310362,0.010181425592372392,0.00819462310196099,0.013865846383216177
79,0.011755872848924823,0.008706586223479399,0.0010849762386990567,0.016971898794101926,0.006241023240769401,0.00452733915200485,0.007330283689690369
80,0.006314925867097372,0.002500907717040767,0.0035890971134062578,0.00044020260030139415,0.0012852630665734137,0.0009767999305957944,0.002759031382910928
81,0.014519188442057662,0.019875522272002365,0.028070145373963355,0.014428148974842046,0.012624496471417355,0.022766293119237068,0.03431973703517658
82,0.00389113393405101,0.006334204813095974,0.03692882106032061,0.009250680921662145,0.006530207430748419,0.01678660670200426,0.022097956324618893
83,0.009589133529193144,0.0069596995054950345,0.008496659922605742,0.010570217670010849,0.005040373326078737,0.004548760203114406,0.007874378387873113
84,0.00029132629508997373,0.0018518498684211935,0.0,0.0,0.0,1.9278945998601205e-05,0.000579439432513514
85,0.010202846643481948,0.007306720533469857,0.011251407095294758,0.009110373036894546,0.006497004801528606,0.0036962023689540422,0.007041099499711351
86,0.010658043979560033,0.008011473114974278,0.016087209383277228,0.01099221237686912,0.009010765149235107,0.008725865169478,0.01288583329495395
87,0.001448063055006046,0.002036070907963383,0.0009564499320417153,0.0018379261851999816,0.000986439403595095,0.0005740841697361248,0.0008836183582692219
88,0.0,0.0,0.0,0.0,0.0,0.0,0.0
89,0.00013281051687925275,8.889736210466112e-05,9.639472999300602e-05,1.7136840887645515e-05,9.211051977109464e-05,2.784736644242396e-05,2.784736644242396e-05
90,0.004577678622112308,0.004313128640909281,0.004791889133207878,0.003988599716599494,0.0029143340034552155,0.003814018150056605,0.004822949657316735
91,2.1421051109556894e-06,4.284210221911379e-06,1.0710525554778447e-06,3.213157666433534e-06,3.213157666433534e-06,1.0710525554778447e-06,1.0710525554778447e-06
92,0.0,0.0,0.0,0.0,0.0,0.0,0.0
93,2.1421051109556894e-06,4.284210221911379e-06,2.1421051109556894e-06,0.0,0.0,0.0,0.0
94,0.001034636768591598,0.0009200341451554686,0.0009885815087060507,0.00122742622857761,0.0022470682613925184,0.0015498130477764414,0.000965018352485538
95,0.0,2.1421051109556894e-06,2.1421051109556894e-06,0.0,0.0,1.0710525554778447e-06,2.1421051109556894e-06
96,0.0005333841726279666,0.0003662999739734229,0.00031810260897691985,0.00042306575941374866,0.000765802577166659,0.00014030788476759764,3.962894455268025e-05
97,0.013978306901541351,0.0030171550487810886,0.0032988418708717617,0.0033406129205353977,0.0039736049808228036,0.0035398286958542766,0.0052942127817269865
98,0.007123570546483145,0.007148204755259136,0.008514867816048865,0.014379951609845542,0.00970480720518475,0.007320644216691068,0.008775133587029981
99,0.0008836183582692219,0.0005451657507382229,0.000571942064625169,0.0027065498076925135,0.0009018262517123452,0.0007625894195002254,0.000669407847173653
100,0.02185482739452542,0.008473096766385229,0.012056838617014098,0.007261736326139787,0.01652955408868958,0.012245343866778198,0.012079330720679132
101,0.021635261620652463,0.017170043516865328,0.01924253021171496,0.05280610414272418,0.03197734509634653,0.03439256860894907,0.009295665128992214
102,0.014752677899151833,0.015838725190406366,0.010931162381206883,0.024883764021416767,0.007142849492481746,0.011718386009483099,0.010528446620347213
103,0.006770123203175456,0.00911894145733837,0.0047276259798792065,0.023943379877707217,0.005068220692521161,0.006917928455831399,0.0052502996269523945
104,0.04240618382903431,0.022135443164060617,0.030141561016257507,0.05571936709362391,0.060004648368090774,0.04916666755921046,0.029043732146892716
105,0.04033905239696207,0.019694514390126608,0.02850070850126545,0.000669407847173653,0.05816993534055722,0.04555507834213917,0.02567634291247037
106,0.005011454907080835,0.008759067798697813,0.0027675998033547507,0.07767808658603069,0.005248157521841439,0.007531641570120204,0.005875794319351456
107,0.0006672657420626972,0.0007550920516118805,0.0012574157001309897,0.000751878893945447,0.0015058998930018495,0.0010999709744757464,0.0017704498742048772
108,0.00023348945709417013,0.0001413789373230755,0.0006437025858421847,1.0710525554778447e-05,0.0008900446736020889,0.0011738736008037177,0.001890407760418396
109,0.0,0.0,0.0,0.0,0.0,0.0,0.0
110,0.003137112934994607,0.0049022075464220955,0.002379878778271771,0.009045038831010398,0.0044598628410097456,0.00271833138580277,0.0025416077141489253
111,0.0029196892662326046,0.004153541810143082,0.0023402498337190907,0.007809044181988966,0.003177812932102765,0.0025705261331468274,0.0021485314262885565
112,0.00021635261620652464,0.0,0.0,0.0011192499204743477,6.212104821771499e-05,0.0,0.0
113,1.392368322121198e-05,0.00011781578110256292,2.3563156220512585e-05,6.104999566223715e-05,1.4994735776689825e-05,0.0002902552425344959,0.00016601314609906593
114,0.001737247244985064,0.0006661946895072194,0.0007358131056132793,0.005214954892621626,0.001193152546802319,0.0006565552165079188,0.0006586973216188745
115,0.0005344552251834445,0.0017222525092083743,0.0007015394238379883,0.0001702973563209773,0.0003802236571946349,0.0017897288202034785,0.0024976945593743337
116,0.001220999913244743,0.0023070472044992773,0.0017972261880918234,0.0005183894368512768,0.00234560509649648,0.004275641801467556,0.005229949628398315
117,0.003646933951402061,0.0024602077199326095,0.00378188657339227,0.0023573866746067363,0.01108218079152926,0.006304215341542594,0.012338525439104771
118,0.0015808735718852987,0.0010817630810326232,0.001200649914690664,0.0023059761519437995,0.003614802374737726,0.0016076498857722449,0.010105380860933464
119,0.00080007625894195,0.0006844025829503428,0.0005290999624060552,0.0005837236427354254,0.0013570235877904291,0.0013430999045692172,0.0011802999161365849
120,0.0012799078037960244,0.0008289946779398518,0.0015337472594442736,0.001143884129250338,0.0004841157550759858,0.001131031498584604,0.0010946157116983573
121,0.0018122209238685132,2.6776313886946118e-05,0.00046804996674381814,0.00432812337668597,0.0007936499436090829,0.000441273652856872,0.00023670261476060368
122,2.570526133146827e-05,0.000268834191424939,1.9278945998601205e-05,0.00035130523819673306,0.0007293867902804122,0.0004048578659706253,0.00027204734909137254
123,2.1421051109556894e-06,0.0,0.0,2.1421051109556894e-06,2.1421051109556894e-06,0.0,2.1421051109556894e-06
124,0.0007754420501659596,0.00023456050964964798,0.001206005177468053,0.0020992630087365758,0.0016654867237680484,0.0013216788534596603,0.0002281341943167809
125,0.00289719716256757,0.002580165606146128,0.003178883984658243,0.0012434920169097777,0.0033491813409792202,0.005628381179036074,0.005343481199278967
126,0.00010496315043682878,0.00019493156509696772,0.0007079657391708553,8.247104677179404e-05,8.354209932727189e-05,0.0008600552020487093,0.0013195367483487047
127,0.000786152575720738,0.0010646262401449776,3.213157666433534e-06,0.0001006789402149174,8.782630954918327e-05,3.213157666433534e-06,0.0005494499609601343
128,0.009147859876336272,0.008728007274588957,0.011357441298287065,0.008322078356062853,0.008847965160802475,0.0112107070981866,0.01773555926615763
129,0.0011192499204743477,0.0011492393920277274,0.001302399907461059,0.0009703736152629273,0.0008032894166083835,0.0029143340034552155,0.005070362797632117
130,0.0,2.1421051109556894e-06,2.1421051109556894e-06,1.0710525554778447e-06,0.0,2.1421051109556894e-06,2.1421051109556894e-06
131,0.00019921577531887912,0.00011138946576969584,8.032894166083836e-05,0.0001531605154333318,0.00016922630376549946,0.00011460262343612938,0.0004262789170801822
132,0.0037850997310587033,0.003849362884387374,0.0015048288404463717,0.00336417607675591,0.003089986622553582,0.007112860020928366,0.012485259639205236
133,0.002062847221850329,0.0013420288520137394,0.0015123262083347167,0.002054278801406506,0.0016001525178839,0.0035151944870782863,0.01693655405977116
134,0.0007690157348330924,0.002979668209339364,0.00019707367020792342,0.017649875061719403,0.0009200341451554686,0.011185001836855132,0.0013013288549055813
135,0.0024462840367113973,0.007937570488646307,0.002074628799960585,0.019389264411815422,0.004048578659706253,0.0059646916814561175,0.000724031527503023
136,0.021134009024688833,0.005176397000624423,0.0038418655164990287,0.005090712796186196,0.008101441529634417,0.004022873398374784,0.001455560422894391
137,0.014955106832137145,0.007228533696919974,0.009309588812213426,0.0036073050068493808,0.009140362508447927,0.020581345906062264,0.012132883348453024
138,0.020893022199706318,0.012587009631975631,0.012942599080394275,0.008384199404280568,0.015147896292123158,0.019109719694835704,0.014089696367311047
139,0.019173982848164375,0.013272483267481452,0.011133591314192195,0.012235704393778898,0.014582380542830856,0.013699833237117112,0.011032912373977279
140,0.003027865574335867,0.002850070850126545,0.006930781086497133,0.0022931235212780656,0.0036169444798486816,0.008647678332928118,0.007224249486698062
141,0.0003662999739734229,0.0005997894310675931,0.0002677631388694612,0.0008461315188274973,0.00027740261186876176,0.00452733915200485,0.0008782630954918327
142,0.006830102146282216,0.003676923422955441,0.008365991510837445,0.0031424681977719965,0.006166049561885952,0.005748339065249592,0.00781654154987731
143,0.0022170787898391385,0.0037497549967279342,0.0009618051948191046,0.001179228863581107,0.0014780525265594257,0.0013527393775685178,0.001261699910352901
144,0.00045412628352260617,3.962894455268025e-05,0.00025062629798181565,0.0003545183958631666,0.00042306575941374866,0.00017672367165384438,0.0004969683857417199
145,0.00026990524398041684,0.0010903315014764458,0.00030096576808927436,0.00016172893587715456,0.00047126312441025166,0.0009061104619342566,0.00037486839441724565
146,5.355262777389224e-06,4.284210221911379e-06,4.284210221911379e-06,4.284210221911379e-06,4.284210221911379e-06,9.639472999300602e-06,8.568420443822758e-06
147,0.0007133210019482446,0.000531242067517011,0.0010914025540319236,0.000868623622492532,0.0008868315159356555,0.0005805104850689918,0.00021421051109556894
148,0.0004573394411890397,5.3552627773892235e-05,0.00041878154919183726,0.0006876157406167763,6.640525843962637e-05,7.497367888344913e-05,0.0003598736586405558
149,0.0019086156538615192,0.0017543840858727097,0.001985731437855924,0.0012595578052419453,0.002193515633618626,0.0023466761490519576,0.0008953999363794781
150,0.0011160367628079142,0.00034594997541934384,0.0015947972551065108,0.0019825182801894905,0.0007968631012755165,0.0004766183871876409,0.0012252841234666543
151,0.002338107728608135,0.0014716262112265586,0.0055319864490430675,0.003745470786506023,0.0013570235877904291,0.001448063055006046,0.003246360295653347
152,0.014175380571749274,0.0020639182744058068,0.0031563918809932082,0.00392112340560439,0.003073920834221414,0.005348836462056357,0.006378117967870565
153,0.01933142757381962,0.0035451839586316657,0.020087590677986978,0.004464147051231657,0.004227444436471053,0.020484951176069258,0.015456359428100776
154,0.009583778266415755,0.007256381063362398,0.01010323875582251,0.008068238900414604,0.013743746391891703,0.011117525525860029,0.006473441645308093
155,0.03652075003668355,0.02914869529732954,0.041169118127457396,0.07177337384768133,0.04205380753828209,0.04668075457794638,0.023830919359382044
156,0.0017854446099815672,0.0021206840598461327,0.0017254656668748078,0.02554674555325755,0.011148586049968885,0.0049825364880829335,0.0002559815607592049
157,0.013961170060653706,0.007040028447155873,0.0035141234345228084,0.004011091820264529,0.004378462846793429,0.00897006515212695,0.00430348916790998
158,0.004095704972147278,0.007885088913427893,0.007654812614000156,0.022905529951449188,0.009839759827174959,0.0058607995835747665,0.004699778613436782
159,0.0037433286813950673,0.002627291918587153,0.001531605154333318,0.005313491727725587,0.0009114657247116458,0.007968631012755165,0.0014994735776689826
160,0.01413789373230755,0.01800867766780448,0.008872599369578465,0.010353865053804324,0.008723723064367046,0.011741949165703612,0.0025683840280358717
161,0.003911483932605089,0.0015840867295517324,0.0021206840598461327,0.004548760203114406,0.00404001023926243,0.002172094582509069,0.0012231420183556987
162,0.00234560509649648,0.002876847164013491,0.00238523404104916,0.007158915280813914,0.0019610972290799336,0.00147591042144847,0.002212794579617227
163,0.01733819876807535,0.011137875524414106,0.00822889678373628,0.013603438507124106,0.011794430740922025,0.005228878575842838,0.0015712340988859983
164,0.0689083082617781,0.060487693070611276,0.10211415063925772,0.14384557135834097,0.16952726953358874,0.023133664145765967,0.011784791267922725
165,0.01310968327904882,0.018016175035692826,0.02456244825477341,0.03659893687323343,0.013274625372592407,0.015689848885194948,0.003954326034824203
166,0.0026529971799186215,0.0019418182830813323,0.0045166286264500715,0.0031853102999911103,0.006084649567669635,0.000682260477839387,0.0009607341422636266
167,0.0015851577821072102,0.04882285968890207,0.005521275923488289,0.008709799381145833,0.005673365386366144,0.0023006208891664104,0.0008836183582692219
168,0.0031885234576575438,0.058180645866112005,0.04611523882865408,0.03648112109213087,0.0034659260695263055,0.003737973418617678,0.00394575761438038
169,0.00019493156509696772,0.0009253894079328578,0.0008043604691638614,0.02214829579472635,0.003021439259003,0.0,0.001752241980761754
170,0.0007272446851694566,0.0025137603477065015,0.042167339109162746,0.010041117707604795,0.002123897217512566,0.004532694414782238,0.0026583524426960106
171,0.0051935338415120685,0.001476981474003948,0.037506118387723164,0.004353828638017439,0.013619504295456273,0.0045969575681109095,0.014597375278607546
172,0.0,6.212104821771499e-05,0.0,0.0,6.854736355058206e-05,0.00013923683221211982,0.0
173,0.0006908288982832099,0.0005033947010745871,0.0032956287132053282,0.0001220999913244743,0.0010324946634806423,0.001124605183251737,0.001820789344312336
174,0.0007004683712825105,0.0011321025511400818,0.0011920814942468412,0.002111044586846832,0.0009660894050410159,0.003131757672217218,0.003584812903184346
175,0.0014287841090074448,2.3563156220512585e-05,0.0003330973447536097,8.032894166083836e-05,3.2131576664335344e-05,8.032894166083836e-05,0.0006329920602874062
176,8.568420443822758e-06,4.1771049663635946e-05,0.0016526340931023143,7.604473143892697e-05,0.0011342446562510376,0.000772228892499526,0.0003063210308666636
177,0.0012649130680193346,0.003157462933548686,1.0710525554778447e-06,0.0015615946258866976,7.497367888344913e-06,5.7836837995803615e-05,0.00016387104098811023
178,0.00024527103520442643,0.0038118760449456493,0.00014780525265594257,0.0029303997917873833,0.0006104999566223715,0.001138528866472949,0.0007486657362790135
179,0.0015401735747771407,6.212104821771499e-05,5.462368032937008e-05,4.391315477459163e-05,0.0008375630983836745,0.009581636161304799,0.0004948262806307643
180,0.001482336736781337,5.248157521841439e-05,0.0014866209470032485,8.568420443822758e-05,4.819736499650301e-05,0.0036865628959547414,0.000172439461431933
181,0.005319918043058454,0.009311730917324382,0.007417038946684075,0.0019236103896382091,0.0058704390565740665,0.007606615249003653,0.004602312830888299
182,5.141052266293654e-05,3.6415786886246717e-05,8.568420443822758e-06,3.2131576664335344e-05,4.284210221911379e-05,6.426315332867068e-06,3.427368177529103e-05
183,0.0015476709426654855,2.2492103665034738e-05,6.319210077319284e-05,7.497367888344913e-06,4.9268417551980855e-05,0.000896470988934956,6.533420588414852e-05
184,0.010087172967490341,0.004834731235426991,0.0017479577705398425,0.013058272756385882,0.009664107208076592,0.0019107577589724748,0.0021388919532892557
185,0.007839033653542346,0.011632701805044872,0.005031804905634914,0.003124260304328873,0.006500217959195039,0.010030407182050016,0.005956123261012294
186,0.00016708419865454378,0.00017565261909836653,0.00018529209209766713,0.0028029445376855197,7.497367888344913e-05,0.000317031556421442,0.00010282104532587308
187,0.004133191811589003,0.002179591950397414,0.00046697891418834026,0.006317067972208328,0.006836528461615083,0.0007957920487200386,0.0013002578023501034
188,0.0036030207966274695,0.012600933315196843,0.007769415237436285,0.007820825760099221,0.007975057328088031,0.00326992345187386,0.002158170899287857
189,0.001261699910352901,0.0029464655801195506,0.003012870838559177,0.002531968241149625,0.0022599208920582523,0.002640144549252887,0.002318828782609534
190,0.001379515691455464,0.0006972552136160769,8.139999421631619e-05,0.003537686590743321,0.0024441419316004417,0.00029989471553379653,0.0004926841755198086
191,0.0017683077690939216,0.0011299604460291261,0.001104255184697658,0.0012327814913549993,0.002214936684728183,0.0005108920689629319,0.0002859710323125845
192,0.004073212868482243,0.006861162670391073,0.0026497840222521876,0.003862215515053108,0.004314199693464758,0.0046440838805519346,0.004587318095111609
193,0.001082834133588101,0.0009082525670452123,0.0012359946490214328,0.002020005119631215,0.002172094582509069,0.0007807973129433488,0.000737955210724235
194,3.213157666433534e-06,0.0,2.1421051109556894e-06,4.284210221911379e-06,1.0710525554778447e-05,5.355262777389224e-06,1.0710525554778447e-05
195,0.0010485604518128099,0.0019493156509696773,0.0017918709253144341,0.000282757874646151,0.00044448681052330555,0.0009596630897081488,0.0008386341509391524
196,0.004110699707923968,0.004662291773995058,0.0018015103983137347,0.002522328768150324,0.0025084050849291124,0.0032592129263190814,0.0033363287103134864
197,1.1781578110256292e-05,0.0,0.0002034999855407905,0.0,2.6776313886946118e-05,0.0,8.568420443822758e-05
198,0.0,0.0,0.0,0.0,0.0,0.0,0.0
199,0.0,6.426315332867068e-06,0.0,0.0,0.0,0.0,6.426315332867068e-06
200,3.2131576664335344e-05,3.855789199720241e-05,4.0699997108158096e-05,3.2131576664335344e-05,9.746578254848386e-05,3.534473433076887e-05,2.570526133146827e-05
201,0.0016665577763235264,0.0025823077112570834,0.0027226155960246813,0.0005012525959636313,0.0007615183669447476,0.0029978761027824874,0.002137820900733778
202,7.92578891053605e-05,0.001082834133588101,0.0003095341885330971,2.998947155337965e-05,0.000344878922863866,0.0003812947097501127,0.0003834368148610684
203,1.6065788332167672e-05,0.0003620157637515115,0.0005505210135156121,0.0023423919388300463,0.002137820900733778,0.00018422103954218928,5.248157521841439e-05
204,6.426315332867068e-06,1.392368322121198e-05,0.0,0.0,0.0,1.9278945998601205e-05,8.568420443822758e-06
205,0.0,0.0,1.0710525554778447e-06,4.284210221911379e-06,5.355262777389224e-06,0.0,0.0
206,0.0025212577155948462,0.0014609156856717801,0.002054278801406506,0.001234923596465955,0.001067839397811411,0.0027847366442423963,0.002241712998615129
207,0.0004284210221911379,2.1421051109556895e-05,9.639472999300602e-06,9.746578254848386e-05,0.00022706314176130309,0.0005355262777389224,0.00037701049952820135
208,0.0020853393255153637,0.0010946157116983573,0.0030878445174426263,0.00216673931973168,0.0020446393284072055,0.0005569473288484793,0.000393076287860369
209,0.001766165663982966,0.0004819736499650301,1.392368322121198e-05,8.032894166083836e-05,6.426315332867068e-06,0.00011781578110256292,0.0007990052063864721
210,5.99789431067593e-05,4.284210221911379e-06,0.00019921577531887912,0.0,0.0,0.00027847366442423964,0.0006126420617333272
211,0.0010774788708107117,0.0006929710033941655,0.002239570893504173,0.004352757585461961,0.001800439345758257,0.004973968067639111,0.004025015503485741
212,0.005899357475571969,0.007041099499711351,0.023150800986653612,0.03838866569343691,0.009001125676235807,0.013233925375484248,0.003710126052175254
213,0.0015498130477764414,0.0005708710120696912,0.0019985840685216583,0.00020242893298531264,0.0017115419836535959,0.0005633736441813463,0.0010324946634806423
214,0.0015069709455573276,0.00012531314899090783,0.00044020260030139415,0.01547028311132199,0.00011674472854708507,0.0225906405001387,0.0014244998987855335
215,0.00932779670565655,0.00013602367454568627,0.0012359946490214328,0.022171858950946862,0.00022706314176130309,0.029708855783844457,0.02468347719354241
216,0.007703009978996659,0.0010185709802594304,0.00033416839730908757,0.007037886342044918,0.00032559997686526477,0.004710489138991561,0.024214356174243112
217,0.0,2.1421051109556894e-06,2.1421051109556894e-06,0.0001006789402149174,2.1421051109556894e-06,0.006506644274527906,0.018275369754118465
218,0.006517354800082685,0.003111407673663139,0.0004262789170801822,0.005011454907080835,0.000868623622492532,0.0019985840685216583,0.018901935499073003
219,2.2492103665034738e-05,0.0010249972955922973,4.284210221911379e-06,0.0001220999913244743,8.889736210466112e-05,0.005877936424462412,0.030810968863431158
220,0.0001917184074305342,4.284210221911379e-06,1.392368322121198e-05,0.00010710525554778447,1.2852630665734135e-05,0.1100913500724567,0.08755319114753642
221,0.0085469993927132,0.0028447155873491557,0.004549831255669884,0.005094997006408107,0.019801619645674392,0.03905378933038865,0.03912662090416114
222,0.004437370737344711,0.003709054999619776,0.0015380314696661849,0.002249210366503474,0.006506644274527906,0.08863388317601356,0.05458726454248383
223,3.962894455268025e-05,3.320262921981319e-05,3.855789199720241e-05,2.0349998554079048e-05,0.0011235341306962592,0.00437310758401604,0.006538775851192242
224,0.002578023501035172,4.712631244102517e-05,3.427368177529103e-05,0.0006544131113969631,0.0009125367772671236,0.013821933228441587,0.011470972869167716
225,0.002980739261894842,0.0014394946345622232,0.007820825760099221,0.005910068001126747,0.00401002076770905,0.010065751916380785,0.00806502574274817
226,0.0016654867237680484,0.0021763787927309803,0.0017779472420932222,0.002031786697741471,0.0020714156422941515,0.0024527103520442643,0.0038097339398346936
227,2.1421051109556894e-06,2.1421051109556894e-06,2.1421051109556894e-06,0.0,1.1781578110256292e-05,1.0710525554778447e-06,1.0710525554778447e-06
228,0.0003363105024200432,0.00035130523819673306,0.0005644446967368242,0.001309897275349404,0.0006651236369517416,0.004268144433579211,0.00396075235015707
229,0.0013248920111260938,0.0013548814826794735,0.0026508550748076654,0.0015573104156647861,0.0020671314320722402,0.0028093708530183867,0.0019664524918573227
230,0.0,0.0,0.0,3.213157666433534e-06,2.1421051109556894e-06,0.0,0.0
231,0.0,0.0,0.0,0.0,0.0,0.0,0.0
232,0.001635497252214669,0.0013281051687925275,0.0004391315477459163,0.00012424209643542998,0.00047019207185477384,6.212104821771499e-05,0.0017790182946487
233,6.961841610605991e-05,1.4994735776689825e-05,3.2131576664335344e-05,0.0006608394267298302,0.0003073920834221414,0.000571942064625169,0.00018314998698671145
234,0.002974312946561975,6.426315332867069e-05,0.000330955239642654,0.0005687289069587356,0.0020167919619647817,0.002993591892560576,0.002839360324571766
235,0.0,3.534473433076887e-05,0.00031810260897691985,0.0007315288953913679,1.1781578110256292e-05,0.001164234127804417,0.0007433104735016243
236,0.0001435210424340312,0.001359165692901385,0.00022277893153939169,0.0010174999277039526,0.0005387394354053559,0.0009564499320417153,0.0005665868018477798
237,0.0018036525034246904,0.008847965160802475,0.0069275679288307,0.003640507636069194,0.006898649509832797,0.013073267492162572,0.008598409915376137
238,0.001468413053560125,0.006972552136160769,0.00620674955899411,0.0021324656379563887,0.003993954979376883,0.011003993954979377,0.009697309837296405
239,0.003546255011187144,0.0037004865791759535,0.004407381265791331,0.0021903024759521925,0.0017543840858727097,0.06607644530509467,0.03854825252420311
240,0.010951512379760962,0.005811531166022785,0.01909258285394806,0.0076001889336707856,0.005353120672278268,0.05001494118314891,0.02712333491492094
241,0.0028564971654594117,0.0010571288722566327,0.0024109393023806283,0.017142196150422905,0.007365628424021138,0.014332825297404518,0.009356715124654452
242,0.0023348945709417016,0.001890407760418396,0.004143902337143781,0.01700510142332174,0.0030867734648871484,0.01738211192284994,0.0032720655569848157
243,0.0030599971510002024,0.00013281051687925275,0.0029871655772277087,0.0013302472739034831,0.008480594134273574,0.008896162525798978,0.013234996428039728
244,0.029194750557215092,0.013471699042800331,0.013820862175886107,0.013649493767009652,0.033202629219813186,0.008354209932727188,0.007698725768774748
245,0.01014179664781971,0.004665504931661492,0.0017426025077624534,0.007378481054686872,0.03671675265433599,0.001682623564655694,0.0012102893876899646
246,0.006108212723890148,0.006157481141442129,0.00727030474658361,0.005649802230145631,0.011027557111199888,0.00042520786452470436,0.0014223577936745778
247,2.784736644242396e-05,2.1421051109556895e-05,0.0002806157695351953,6.426315332867068e-06,0.00017779472420932223,0.0,4.284210221911379e-06
248,0.007725502082661694,0.01166804653937564,0.0017351051398741084,0.0062024653487721985,0.0024045129870477614,0.0069768363463826805,0.04845013339959578
249,0.00010174999277039525,2.570526133146827e-05,0.0024880550863750333,0.0008868315159356555,0.00014244998987855334,0.001599081465328422,0.00944668353931459
250,0.0011599499175825058,0.0006104999566223715,0.0018175761866459025,0.0007272446851694566,0.004544475992892495,0.0026433577069193206,0.029977689975269395
251,0.0002463420877599043,7.283157377249343e-05,0.0002131394585400911,0.0003352394498645654,0.00037272628930628995,0.0011224630781407811,0.0002731184016468504
252,0.007282086324693866,0.020783774839047576,0.019920506479332432,0.025401082405712566,0.039121265641383754,0.052787896249281055,0.06101143777023994
253,0.0021956577387295816,0.0010025051919272626,0.0005055368061855427,0.0216770326703161,0.04262574960290726,0.022950514158779255,0.039967397160211256
254,0.0,8.568420443822758e-06,1.8207893443123358e-05,0.0,0.0,0.0,0.0
255,0.0003909341827494133,0.0016151472536605899,0.0006886867931722541,0.001578731466774343,0.007585194197894096,0.0033406129205353977,0.0017918709253144341
256,0.00032774208197622047,0.0003234578717543091,1.0710525554778447e-05,0.000158515778210721,0.0007593762618337919,0.005112133847295753,0.001558381468220264
257,4.4984207330069476e-05,5.569473288484792e-05,5.355262777389224e-06,7.497367888344913e-06,4.0699997108158096e-05,0.002266347207391119,0.0
258,0.003656573424401362,0.0022802708906123313,0.00204249722329625,0.0018914788129738738,0.002227789315393917,0.002395944566603939,0.00047554733463216306
259,3.213157666433534e-06,0.0,0.0007947209961645607,0.0,1.0710525554778447e-06,0.0015626656784421755,0.03912233669393923
260,2.3563156220512585e-05,3.213157666433534e-06,1.0710525554778447e-05,0.023112243094656412,0.05299782255015471,0.026727045469394136,0.0015112551557792389
261,5.355262777389224e-06,1.0710525554778447e-06,0.0004991104908526757,1.0710525554778447e-06,1.0710525554778447e-06,0.00036951313163985643,0.00010389209788135093
262,0.00023670261476060368,5.7836837995803615e-05,0.0012027920198016196,0.0008172130998295954,0.0062731548174337366,0.001752241980761754,0.0010228551904813417
263,0.0015262498915559286,0.0022213630000610498,0.0013538104301239957,0.0009757288780403165,0.0006608394267298302,0.0001317394643237749,0.0011985078095797083
264,0.004927912807753563,0.025967669207560346,0.006159623246553085,0.011159296575523664,0.008195694154516467,0.000952165721819804,0.007858312599540946
265,0.00856734939126728,0.00012745525410186353,0.012916893819062808,0.0032152997715444898,0.007355988951021838,0.0011010420270312243,0.006948988979940256
266,0.0010742657131442783,0.00025169735053729353,0.013309970106923176,0.01241349911798822,0.001323820958570616,0.00322493924454379,0.000758305209278314
267,0.0,0.0004327052324130493,0.0009553788794862374,0.019387122306704467,0.01063448082333952,0.003199233983212322,0.00628600744809947
268,0.010085030862379385,0.0010635551875894998,0.025483553452484358,0.0016654867237680484,0.0012027920198016196,0.0002891841899790181,0.0011888683365804077
269,0.13865096646427344,0.0008643394122706206,0.004741549663100419,0.0035334023805214097,0.001565878836108609,0.002986094524672231,0.008470954661274274
270,0.035096250137898015,0.005123915425406009,0.00032238681919883125,0.004423447054123499,0.0005847946952909032,0.0032302945073211797,0.00921854934499781
271,0.12617534629806748,0.0032324366124321354,0.0052877864663941196,0.006701575839624874,0.0014491341075615238,0.004022873398374784,0.007106433705595499
272,0.0,0.0,0.0004905420704088529,0.0,1.2852630665734135e-05,0.0,0.0007143920545037224
273,0.005121773320295053,1.8207893443123358e-05,0.01489298578391943,0.0014994735776689826,0.0009318157232657249,0.0038739970931633643,0.009862251930839994
274,0.014240714777633423,0.08702837539535227,0.022200777369944764,0.02914548213966311,0.01089260448920968,0.015605235733312198,0.01070409923944558
275,0.009426333540760511,0.04706954665558484,0.02662529547662374,0.0027943761172416967,0.00945632301231389,0.0074641652591251,0.004649439143329324
276,0.0027258287536911147,4.1771049663635946e-05,0.0018936209180848295,3.534473433076887e-05,0.0036501471090684945,0.0018582761837540606,0.004022873398374784
277,0.0011749446533591956,0.042762844330008425,0.0305624846705603,0.01666771986834622,0.004096776024702756,0.03284489766628359,0.026776313886946117
278,0.012199288606892652,0.027342900688793897,0.017285717192856934,0.023392858864191606,0.005295283834282464,0.03926692878892874,0.027812021708093194
279,0.011480612342167018,0.015005446302244605,0.006642667949073593,0.005937915367569171,0.0020703445897386737,0.005853302215686421,0.006850452144836295
280,2.1421051109556894e-06,1.0710525554778447e-06,2.0349998554079048e-05,2.1421051109556894e-06,5.355262777389224e-06,4.284210221911379e-06,4.284210221911379e-06
281,1.1781578110256292e-05,1.0710525554778447e-05,0.004635515460108112,9.639472999300602e-06,0.0011813709686920627,3.213157666433534e-06,9.639472999300602e-06
282,0.0010110736123710854,0.0013216788534596603,0.00025062629798181565,0.0013141814855713153,0.0012852630665734137,0.00184863671075476,0.0009478815115978925
283,6.426315332867068e-06,5.355262777389224e-06,1.9278945998601205e-05,5.355262777389224e-06,0.00021421051109556894,5.355262777389224e-06,2.1421051109556895e-05
284,2.2492103665034738e-05,0.0,0.0007197473172811116,0.0,0.0,3.213157666433534e-06,0.000406999971081581
285,7.497367888344913e-06,0.0,1.1781578110256292e-05,0.0,1.392368322121198e-05,9.639472999300602e-06,1.0710525554778447e-05
286,0.006387757440869866,0.009582707213860276,0.003167102406547987,0.0027761682237985733,0.002709762965358947,0.0033620339716449545,0.0030096576808927434
287,0.0006072867989559379,0.0013216788534596603,0.0013945104272321538,0.0009414551962650255,0.002289910363611632,0.002704407702581558,0.002604799814922118
288,0.0005258868047396218,0.00034166576519743244,1.9278945998601205e-05,0.00010389209788135093,0.0011995788621351861,0.00048518680763146363,0.0003737973418617678
289,0.005239589101397616,0.021078314291803985,0.005458083822715096,0.0026658498105843554,0.0010528446620347214,0.0045369786250041505,0.0035398286958542766
290,0.013160022749156277,0.04721949401335174,0.028642087438588523,0.017330701400187006,0.0191729117956089,0.022215772105721454,0.015458501533211733
291,0.000876120990380877,0.004529481257115805,0.0008161420472741176,0.0032056602985451894,0.00313068661966174,0.0009842972984841392,0.0007615183669447476
292,0.001524107786444973,0.0009050394093787788,0.0002945394527564073,0.001075336765699756,0.003574102377629568,0.00028382892720162886,0.0005612315390703906
293,0.002262062997169208,0.009411338804983821,0.006164978509330474,0.0033481102884237424,0.00190326039108413,0.009648041419744425,0.005305994359837243
294,0.08234573362280313,0.008196765207071945,0.01850136184332429,0.012897614873064206,0.017330701400187006,0.00736991263424305,0.0069704100310498136
295,0.008401336245168214,0.003952183929713247,2.570526133146827e-05,0.004599099673221865,0.003935047088825601,0.0005440946981827451,0.0004594815462999954
296,0.014573812122387033,0.008013615220085235,0.012698399097745327,0.009728370361405263,0.01609684885627653,0.0056862180170318775,0.00365228921417945
297,0.007348491583133492,0.001344170957124695,0.007803688919211576,0.003551610273964533,0.0013270341162370497,0.0011053262372531358,0.0011985078095797083
298,0.058461261635647195,0.006759412677620678,0.016307846209705663,0.014941183148915934,0.017329630347631526,0.004558399676113707,0.005930417999680826
299,0.014448498973396125,0.008907944103909235,0.0033191918694258408,0.015429583114213831,0.03601521323049801,0.005983970627454718,0.007351704740799926
300,0.02373345357683356,0.013455633254468163,0.04676643878238461,0.048801438637792516,0.07897941544093627,0.006384544283203432,0.017240732985526867
301,0.0048850707055344495,0.0007797262603878709,0.042888157478999336,0.00856199412848989,0.0028939840049011364,0.000669407847173653,0.001289547276795325
302,0.09497665640955336,0.023611353585509087,0.034479323865942775,0.08043711796894161,0.13412576941737953,0.005792252220024184,0.01296937539428122
303,0.0031917366153239772,0.009289238813659347,0.006453091646754014,0.0015712340988859983,0.005807246955800874,0.0029089787406778264,0.00597326010189994
304,0.0026797734938055675,0.00047554733463216306,0.0022727735227239866,0.0015669498886640868,0.001309897275349404,0.010787641338772852,0.015184312079009405
305,0.004649439143329324,0.003593381323628169,0.004695494403214871,0.0021281814277344774,0.0031810260897691986,0.003984315506377583,0.007929002068202485
306,0.0635519744318334,0.014055422685535756,0.028992321624229777,0.010560578197011549,0.049935683294043555,0.010188922960260737,0.013090404333050218
307,0.006073939042114857,3.962894455268025e-05,0.013020785916944158,0.0004305631273020936,0.0,0.0040507207648172085,0.004940765438419298
308,0.003007515575781788,0.0008354209932727189,0.0014309262141184004,0.0014994735776689826,0.003735831313506722,0.003296699765760806,0.0012959735921281921
309,8.568420443822758e-06,0.0006940420559496433,0.0015091130506682832,3.534473433076887e-05,0.001323820958570616,0.0004841157550759858,0.0018422103954218929
310,0.0010367788737025536,0.00034166576519743244,0.0008718367801589656,0.0018250735545342473,0.0,0.0021431761635111674,0.0006319210077319284
311,0.0007604473143892698,0.0010025051919272626,1.0710525554778447e-06,0.0,0.0,0.008713012538812267,8.568420443822758e-05
312,0.0003662999739734229,0.0,0.0,0.0,1.0710525554778447e-06,0.0,0.0
313,0.001799368293202779,0.0035955234287391247,0.0038857786712736203,0.002350960359273869,0.001413789373230755,0.010071107179158174,0.0012916893819062806
314,0.0038247286756113836,0.005932560104791782,0.00044662891563426125,0.00020457103809626834,0.00025705261331468275,0.0016986893529878618,9.425262488205034e-05
315,0.0007433104735016243,0.0006811894252839092,0.0005194604894067547,9.211051977109464e-05,0.0009896525612615285,0.0014630577907827358,0.0014598446331163023
316,0.0014962604200025491,0.012291399126663745,0.002152815636510468,0.003620157637515115,0.00293682610712025,0.0010614130824785442,0.002338107728608135
317,0.030970555694197356,0.0038461497267209405,0.009120012509893848,0.011478470237056062,0.014336038455070952,0.005732273276917425,0.009609483527747223
318,0.005216025945177103,0.003422012914751714,0.0011545946548051165,0.0029196892662326046,0.0027204734909137256,0.003972533928267326,0.00866160201614933
319,0.0004380604951904385,0.0008214973100515068,0.001359165692901385,0.001323820958570616,0.0025555313973701374,0.001420215688563622,0.0025276840309277136
320,0.03809948150345789,0.011962585992132048,0.01148918076261084,0.009666249313187549,0.0340187712670873,0.004455578630787834,0.00865624675337194
321,0.007634462615446077,0.001572305151441476,0.003455215543971527,0.0019289656524155983,0.002041426170740772,0.0026015866572556847,0.0063866863883143875
322,0.004787604922985965,0.003082489254665237,0.0034980576461906407,0.0025983734995892512,0.004061431290371987,0.001398794637454065,0.008360636248060056
323,0.00299144978744962,0.004012162872820006,0.002250281419058952,0.00311569188388505,0.0041310497064780466,0.0036715681601780514,0.010108594018599898
324,0.03298627660360666,0.03212300824389152,0.007480231047457268,0.005949696945679427,0.026979813872486907,0.0058972153704610125,0.01014286770037519
325,0.017973332933473713,0.013036851705276326,0.015277493651335976,0.019670951233906095,0.012220709658002208,0.024889119284194156,0.03167852143336821
326,0.0014919762097806376,0.0012081472825790087,0.0005708710120696912,0.00034916313308577736,0.0003845078674165462,0.0003759394469727235,0.001573376203996954
327,0.0029293287392319054,0.006838670566726038,0.006853665302502728,0.003266710294207426,0.003984315506377583,0.0055052101351561215,0.03319513185192484
328,0.03836938674743831,0.028288640095280836,0.01238886490921223,0.017111135626314045,0.029137984771774764,0.021524943207438245,0.016276785685596807
329,0.0024355735111566187,0.0033684602869778215,0.0034402208081948374,0.0026240787609207194,0.0018839814450855288,0.003968249718045415,0.0016719130391009156
330,0.0010217841379258638,0.001337744641791828,0.0030717787291104585,0.00029989471553379653,0.000330955239642654,0.0002923973476454516,0.0014170025308971885
331,0.0032956287132053282,0.0011995788621351861,0.002571597185702305,0.0020403551181852942,0.0025823077112570834,0.0031264024094398287,0.004176033913808117
332,0.01932071704826484,0.018901935499073003,0.005801891693023485,0.009934012452057009,0.013573449035570727,0.005138910161182699,0.009039683568233009
333,0.000834349940717241,0.0014534183177834351,0.00047340522952120736,0.0011321025511400818,0.0005687289069587356,0.003408089231530502,0.0009682315101519716
334,0.0010785499233661895,0.0005387394354053559,0.00227598668039042,0.00030524997831118576,0.0003234578717543091,0.00025705261331468275,0.0011835130738030184
335,0.015138256819123857,0.011903678101580766,0.013686980606451377,0.010772646602996162,0.017509567176951804,0.005721562751362646,0.004841157550759858
336,0.004141760232032826,0.007660167876777545,0.0023873761461601158,0.004165323388253338,0.002380949830827249,0.0019675235444128005,0.0029143340034552155
337,0.000406999971081581,0.00034916313308577736,0.00020778419576270187,0.00039736049808228037,0.00020457103809626834,0.0016087209383277227,0.0003834368148610684
338,0.00538203909127617,0.004382747057015341,0.003442362913305793,0.0038997023544948325,0.0051635443699586895,0.004391315477459163,0.005007170696858924
339,0.003660857634623273,0.00378188657339227,0.0062463785035467905,0.0034980576461906407,0.005120702267739576,0.0016151472536605899,0.0008257815202734182
340,2.1421051109556894e-06,0.0008750499378253991,2.3563156220512585e-05,0.00041985260174731513,9.639472999300602e-06,0.0002709762965358947,0.00046697891418834026
341,0.0,3.213157666433534e-06,0.0,0.0,0.0,0.00019707367020792342,0.0
342,2.6776313886946118e-05,2.2492103665034738e-05,2.3563156220512585e-05,2.1421051109556895e-05,2.0349998554079048e-05,2.998947155337965e-05,2.784736644242396e-05
343,0.0005590894339594349,8.032894166083836e-05,0.00012531314899090783,0.00035023418564125524,0.0009275315130438135,0.0007272446851694566,0.001964310386746367
344,2.1421051109556894e-06,0.0004766183871876409,3.213157666433534e-06,0.0006222815347326278,4.284210221911379e-06,0.00020028682787435694,3.213157666433534e-06
345,0.0,0.0,0.0,0.0,0.0,0.0,0.0
346,8.782630954918327e-05,3.2131576664335344e-05,3.6415786886246717e-05,0.00034380787030838814,4.0699997108158096e-05,0.0009842972984841392,1.0710525554778447e-05
347,0.0018764840771971839,0.0019750209123011457,0.0004948262806307643,0.0009875104561505729,0.000661910479285308,0.0006319210077319284,0.0008857604633801775
348,1.0710525554778447e-05,1.0710525554778447e-05,8.568420443822758e-06,1.0710525554778447e-05,1.0710525554778447e-05,1.0710525554778447e-05,1.0710525554778447e-05
349,8.996841466013895e-05,4.0699997108158096e-05,0.001931107757526554,0.0003384526075309989,4.0699997108158096e-05,0.0002441999826489486,0.0009596630897081488
350,0.0009425262488205033,0.0006576262690633967,0.0007765131027214374,0.00165477619821327,0.0029882366297831866,0.003490560278302296,0.0064573758569759256
351,0.00405500497503912,0.004690139140437482,0.0010956867642538351,0.00279758927490813,0.0018936209180848295,0.0015133972608901945,0.0022984787840554547
352,8.568420443822758e-06,8.568420443822758e-06,4.284210221911379e-06,8.568420443822758e-06,5.355262777389224e-06,5.355262777389224e-06,8.568420443822758e-06
353,5.248157521841439e-05,0.0003877210250829798,5.569473288484792e-05,0.0003823657623055906,4.819736499650301e-05,6.104999566223715e-05,0.00036308681630698933
354,7.497367888344913e-06,0.0010839051861435789,5.355262777389224e-06,0.0007561631041673584,0.0008525578341603644,7.497367888344913e-06,0.00014887630521142042
355,0.0,0.0,0.0,0.0,0.0,0.0,0.0
356,0.0013891551644547645,4.0699997108158096e-05,0.0012531314899090784,0.0006126420617333272,0.00062121048217715,0.0017779472420932222,0.001889336707862918
357,0.00013602367454568627,6.854736355058206e-05,0.0002870420848680624,0.0003845078674165462,6.961841610605991e-05,0.0010228551904813417,4.391315477459163e-05
358,0.003011799786003699,0.0012167157030228315,0.003571960272518612,0.002462349825043565,0.003096412937886449,0.0022717024701685087,0.0008514867816048865
359,0.012332099123771903,0.005953981155901338,0.006971481083605291,0.0055823259191505265,0.011913317574580067,0.004583033884889697,0.004081781288926066
360,0.002069273537183196,0.0014919762097806376,0.002115328797068743,0.001289547276795325,0.0018668446041978832,0.0009746578254848387,0.0011706604431372843
361,0.003585883955739824,0.0040475076071507755,0.005839378532465209,0.003408089231530502,0.0044223760015680205,0.0020724866948496293,0.0019546709137470667
362,0.006924354771164266,0.009951149292944656,0.015510983108430148,0.011137875524414106,0.01004754402293766,0.01028638874280922,0.00653984690374772
363,0.0012456341220207334,0.0022245761577274832,0.002108902481735876,0.00183364197497807,0.0018293577647561588,0.0,0.0002131394585400911
364,0.0,0.0,0.0,0.0,0.0,0.0,0.0
365,3.213157666433534e-06,4.284210221911379e-06,3.213157666433534e-06,4.284210221911379e-06,1.1781578110256292e-05,3.213157666433534e-06,3.213157666433534e-06
366,0.0,0.0,0.0,0.0,0.0,0.0,0.0
367,0.0001435210424340312,3.534473433076887e-05,3.855789199720241e-05,0.0006244236398435834,2.8918418997901807e-05,0.0013184656957932269,0.0002923973476454516
368,8.568420443822758e-06,1.0710525554778447e-06,6.426315332867068e-06,3.213157666433534e-06,5.355262777389224e-06,3.213157666433534e-06,1.2852630665734135e-05
369,0.0014609156856717801,0.001344170957124695,0.0012509893847981225,0.004132120759033525,0.0028029445376855197,0.0029196892662326046,0.0013398867469027837
370,0.0,0.0,0.0,0.0,0.0,0.0,0.000310605241088575
371,5.676578544032577e-05,6.104999566223715e-05,0.0002666920863139833,4.9268417551980855e-05,2.570526133146827e-05,0.0003020368206447522,0.0007111788968372889
372,0.001704044615765251,0.0024098682498251505,0.001076407818255234,0.004930054912864519,0.00537668382849878,0.008812620426471705,0.008672312541704108
373,0.009368496702764708,0.008090731004079638,0.011664833381709207,0.004839015445648903,0.0003566605009741223,0.01487799104814274,0.015207875235229916
374,2.784736644242396e-05,3.2131576664335344e-05,3.1060524108857494e-05,3.320262921981319e-05,1.2852630665734135e-05,2.2492103665034738e-05,2.2492103665034738e-05
375,0.00032881313453169835,0.00018636314465314498,0.00042520786452470436,0.0016783393544337827,0.0002281341943167809,0.0033481102884237424,0.002993591892560576
376,0.0012081472825790087,0.00024098682498251505,0.0012081472825790087,0.0013109683279048819,0.00023777366731608153,0.0043388339022407485,0.007520931044565426
377,0.002068202484627718,0.0012392078066878662,0.0024162945651580174,0.002364884042495081,0.00016708419865454378,0.005646589072479198,0.005107849637073841
378,2.1421051109556895e-05,2.4634208775990428e-05,2.2492103665034738e-05,2.2492103665034738e-05,1.9278945998601205e-05,7.497367888344913e-06,3.2131576664335344e-05
379,0.000268834191424939,0.00014244998987855334,0.0001917184074305342,0.0013430999045692172,0.0001917184074305342,0.0036394365835137163,0.003835439201166162
380,0.003078205044443326,0.005311349622614632,0.0034198708096407583,0.006497004801528606,0.007124641599038623,0.005727989066695513,0.009676959838742326
381,7.497367888344913e-06,3.213157666433534e-06,4.284210221911379e-06,7.497367888344913e-06,6.426315332867068e-06,1.0710525554778447e-05,2.1421051109556895e-05
382,1.4994735776689825e-05,1.0710525554778447e-05,7.497367888344913e-06,1.1781578110256292e-05,5.355262777389224e-06,6.426315332867068e-06,1.0710525554778447e-05
383,0.0003116762936440528,0.0001531605154333318,0.00011888683365804077,0.0006951131085051213,0.00013709472710116412,0.0016708419865454377,0.0017393893500960197
384,8.568420443822758e-06,8.568420443822758e-06,7.497367888344913e-06,7.497367888344913e-06,5.355262777389224e-06,8.568420443822758e-06,4.284210221911379e-06
385,0.0,0.0,0.0,0.0,0.0,0.0,0.0
386,0.0011974367570242303,0.0011342446562510376,0.0012381367541323884,0.0014244998987855335,0.0009414551962650255,0.005482718031491087,0.0018197182917568582
387,0.00011567367599160723,2.1421051109556894e-06,2.1421051109556894e-06,2.1421051109556894e-06,2.1421051109556894e-06,2.1421051109556894e-06,0.00032238681919883125
388,0.0,0.0,0.0,0.0,0.0,0.0,0.0
389,0.004051791817372687,0.004447010210344011,0.004963257542084333,0.004408452318346809,0.004634444407552634,0.0027911629595752632,0.007490941573012046
390,0.0008696946750480099,9.960788765943956e-05,0.00036737102652890073,0.0014330683192293563,0.00011460262343612938,0.008427041506499682,0.009037541463122054
391,0.0011781578110256292,1.0710525554778447e-05,8.568420443822758e-06,9.639472999300602e-06,1.0710525554778447e-05,0.001041063083924465,0.0036597865820677954
392,0.004399883897902986,0.004176033913808117,0.0045637549388910965,0.00401002076770905,0.003275278714651249,0.008123933633299453,0.03970606033667466
393,0.004917202282198785,0.0006179973245107164,0.001041063083924465,0.008977562520015294,0.002006081436410003,0.017181825094975584,0.04492851259718463
394,0.0,0.0,0.0,0.0,0.0,0.029087645301667304,0.08226754678625325
395,0.007668736297221368,1.0710525554778447e-06,0.0002881131374235402,0.00034594997541934384,2.1421051109556894e-06,0.005265294362729085,0.021415695846779506
396,0.0011106815000305249,0.001096757816809313,0.0018079367136466019,0.02268060891479884,0.0009832262459286614,0.06310748762131009,0.001573376203996954
397,0.005726918014140036,0.001144955181805816,0.008123933633299453,0.00027204734909137254,0.000992865718927962,0.019776985436898403,0.0015830156769962545
398,0.006585902163633267,0.012288185968997313,0.012137167558674935,0.015984388337951353,0.016947264585325937,0.01852171184187837,0.006960770558050513
399,0.011067186055752569,0.013729822708670491,0.01833106448700331,0.018046164507246207,0.022728806279795344,0.025215790313614896,0.002848999797571067
400,0.019840177537671595,0.030175834698032797,0.02801659274618946,0.021943724756630083,0.027235795433246113,0.035852413242065374,0.009042896725899443
401,0.01844673816299492,0.04189207860240494,0.06566194796612475,0.04888712284223074,0.03620157637515115,0.024735958768760825,0.008645536227817162
402,0.018970482862623584,0.0031906655627684994,0.012594506999863976,0.010572359775121805,0.029476437379305765,0.01673091196911941,0.002115328797068743
403,0.03943294193502781,0.04771539134653798,0.08210795995548706,0.05684932753965304,0.06595970057654758,0.027441437523897858,0.011339233404843942
404,0.0014244998987855335,0.0009007551991568674,0.0018432814479773707,0.0017758051369822666,0.0017907998727589563,0.0016601314609906593,0.0014362814768957898
405,0.0,0.0,0.0,0.0,0.0,0.0,0.0
406,0.0003812947097501127,0.015296772597334578,0.00017136840887645516,0.0018143630289794688,7.818683654988266e-05,0.0,0.0
407,0.0009992920342608291,0.02561636396936361,0.0016440656726584915,0.0031210471466624396,0.0020521366962955503,0.0029989471553379652,0.0019418182830813323
408,0.0001317394643237749,0.04163931019931217,0.000717605212170156,0.0023670261476060367,0.00032024471408787555,4.284210221911379e-06,0.0003234578717543091
409,0.00135166832501304,0.0001006789402149174,0.00025169735053729353,0.00022920524687225876,0.0004241368119692265,0.0004284210221911379,0.0001895763023195785
410,0.003694060263843086,0.003537686590743321,0.005952910103345861,0.007329212637134892,0.005647660125034675,0.003198162930656844,0.0024944814017079002
411,0.001166376232915373,0.0033074102913155843,0.0010324946634806423,0.0009457394064869369,0.002249210366503474,0.0018175761866459025,0.006730494258622776
412,0.002565170870369438,0.004236012856914876,0.0033191918694258408,0.005343481199278967,0.003233507664987613,0.0035334023805214097,0.006077152199781291
413,0.0038054497296127823,0.002516973505372935,0.003056783993333769,0.0064702284876416594,0.0007668736297221368,0.004103202340035623,0.009419907225427643
414,0.03731975524307002,0.020645609059390935,0.01592119623717816,0.07392726053674728,0.09984994553697756,0.004529481257115805,0.01214466492656328
415,0.03360855813833929,0.017430309287846446,0.02007152488965481,0.0798630337992055,0.10056862180170319,0.0009575209845971932,0.004574465464445875
416,0.008846894108246997,0.019080801275837802,0.002627291918587153,0.0036222997426260707,0.003694060263843086,0.007873307335317636,0.016098990961387484
417,0.00019707367020792342,0.004026086556041218,0.00044984207330069477,0.0011942235993577968,0.000882547305713744,0.0007979341538309943,0.0013891551644547645
418,0.007618396827113909,0.013936535851877716,0.003688705001065697,0.004159968125475949,0.0038590023573866743,0.00420923654302793,0.0108433360716577
419,0.006157481141442129,0.008360636248060056,0.007530570517564726,0.022720237859351518,0.010417057154577518,0.00492469965008713,0.00679797056961788
420,0.00032774208197622047,0.0008953999363794781,0.0004937552280752864,0.0003834368148610684,0.0006844025829503428,0.0014041499002314544,0.001828286712200681
421,0.0006469157435086182,0.000620139429621672,0.00042092365430279296,0.00023670261476060368,0.000110318413214218,0.0011128236051414807,0.0014020077951204988
422,0.00333954186797992,0.0030096576808927434,0.001551955152887397,0.0036458628988465832,0.003677994475510919,0.002501978769596245,0.0021056893240694427
423,0.0021003340612920536,0.0014844788418922927,0.0024880550863750333,0.0017190393515419406,0.0013763025337890304,0.0018539919735321491,0.0029004103202340033
424,4.284210221911379e-05,0.00011460262343612938,0.0002131394585400911,0.00012102893876899645,0.00011460262343612938,0.00046162365141095104,0.0005087499638519763
425,0.00025062629798181565,7.711578399440482e-05,0.00013066841176829705,0.00021635261620652464,0.000110318413214218,0.00012317104387995215,0.0003834368148610684
426,0.002710834017914425,0.003111407673663139,0.0025298261360386693,0.0036244418477370264,0.004824020709872212,0.0029271866341209494,0.003947899719491336
427,0.0004819736499650301,0.000751878893945447,4.284210221911379e-05,1.4994735776689825e-05,9.532367743752817e-05,7.497367888344913e-05,8.568420443822758e-05
428,0.0,0.0,0.0,0.0,0.0,0.0,0.0
429,1.392368322121198e-05,2.784736644242396e-05,4.391315477459163e-05,3.7486839441724567e-05,1.8207893443123358e-05,0.00029346840020092943,0.0006790473201729536
430,0.0020499945911845946,0.002192444581063148,0.0023156156249431003,0.001994299858299747,0.0018165051340904247,0.0029464655801195506,0.0032902734504279387
431,4.284210221911379e-06,5.355262777389224e-06,8.568420443822758e-06,9.639472999300602e-06,4.284210221911379e-06,7.497367888344913e-06,1.1781578110256292e-05
432,0.0020178630145202595,0.0014491341075615238,0.003564462904630267,0.0010389209788135094,0.0013109683279048819,0.002525541925816758,0.0037883128887251367
433,0.002614439287921419,0.0044930654702295585,0.0022063682642843602,0.0027879498019088298,0.0019021893385286523,0.0021056893240694427,0.0023338235183862238
434,1.0710525554778447e-06,2.1421051109556894e-06,0.0002666920863139833,6.104999566223715e-05,1.0710525554778447e-06,1.0710525554778447e-06,0.00027204734909137254
435,0.0,0.0,0.0,0.0,0.0,0.0,0.0
436,0.0031231892517733953,0.0035548234316309666,0.003192807667879455,0.002483770876153122,0.002219220894950094,0.0038461497267209405,0.004532694414782238
437,0.001440565687117701,0.001984660385300446,0.0006544131113969631,0.0004584104937445175,0.000282757874646151,0.0010025051919272626,0.0008793341480473105
438,2.784736644242396e-05,0.0020799840627379745,7.497367888344913e-06,0.001213502545356398,0.000751878893945447,9.425262488205034e-05,5.7836837995803615e-05
439,0.004594815462999954,0.0040742839210377215,0.00335453660375661,0.0010924736065874017,0.0011770867584701514,0.004228515489026531,0.0056326653892579855
440,0.003214228718989012,0.006085720620225114,0.004660149668884102,0.004722270717101817,0.0030589260984447246,0.0033352576577580085,0.007015394238379883
441,0.0026508550748076654,0.0013109683279048819,0.001042134136479943,0.0009457394064869369,0.0015080419981128054,0.0010228551904813417,0.005559833815485492
442,0.005213883840066148,0.01046097030935211,0.002188160370841237,0.005330628568613233,0.002778310328909529,0.002312402467276667,0.003137112934994607
443,0.004255291802913477,0.0028950550574566142,0.006553770586968931,0.010984715008980775,0.006272083764878258,0.004976110172750067,0.014099335840310348
444,0.0017629525063165325,0.005362760145277568,0.0031799550372137208,0.007852957336763557,0.0058940022127945794,0.004638728617774545,0.009840830879730438
445,0.007890444176205281,0.019987982790327537,0.00271833138580277,0.001378444638899986,0.002874705058902535,0.005339196989057056,0.011865120209583564
446,0.011672330749597552,0.034717097533258856,0.006013960099008098,0.01587728308240357,0.013361380629586113,0.017961551355363457,0.018214319758456228
447,0.017105780363536657,0.11145801313324644,0.09578958529916104,0.011443125502725292,0.018151127657683033,0.011211778150742079,0.011378862349396623
448,0.01339779641647236,0.00608250746255868,0.10152507173374489,0.04181282071329958,0.030444668889457734,0.02137820900733778,0.025282195572054526
449,0.0186941513033103,0.023895182512710715,0.0011331736036955596,0.008048959954416002,0.0007111788968372889,0.005375612775943303,0.0009832262459286614
450,0.0024034419344922836,0.08834791214370097,0.02074200378938394,0.03990848926965997,0.011606996543713404,0.010594851878786839,0.0122646228127768
451,0.0526068883674053,0.039975965580655075,0.01045989925679663,0.02956854789907686,0.015408162063104273,0.00981940982862088,0.010635551875894997
452,0.022614203656359213,0.002604799814922118,0.017752696107045277,0.03210265824533744,0.017445304023623133,0.01336245168214159,0.006860091617835596
453,0.012568801738532507,0.008318865198396419,0.0,0.001979305122523057,0.005268507520395518,0.0,0.0032570708212081257
454,0.020861961675597458,0.015833369927628977,0.02834005061794377,0.04260432855179771,0.026810587568721407,0.02052993538339933,0.013772664810889604
455,0.008309225725397119,0.002751534015022583,0.011299604460291261,0.008031823113528357,0.00894971515357287,0.002250281419058952,0.0064638021723087925
456,0.001413789373230755,0.0027526050675780608,0.001799368293202779,0.001771520926760355,0.0006586973216188745,0.002108902481735876,0.0019525288086361108
457,0.0009821551933731835,0.00017458156654288868,0.0006383473230647954,0.0004905420704088529,0.0005344552251834445,8.354209932727189e-05,0.00020028682787435694
458,0.0,0.0,0.0,0.0,0.0,0.0,0.0
459,0.0,0.0,0.0,2.1421051109556894e-06,0.0,0.0,0.0
460,0.0015358893645552292,0.0016301419894372796,0.0022245761577274832,0.0009939367714834398,0.0024934103491524224,0.002046781433518161,0.0022791998380568535
461,0.0,0.0,0.0,0.0,0.0,0.0,0.00013066841176829705
462,0.008495588870050265,0.015929764657621984,0.036605363188566296,0.010975075535981475,0.06075010094670335,0.030349345212020207,0.0423483469910385
463,0.0021710235299535912,0.0038215155179449497,0.0025919471842563843,0.006765838992953545,0.0013109683279048819,0.005882220634684323,0.0018250735545342473
464,0.018133990816795387,0.02854890586626195,0.018734851300418458,0.00389113393405101,0.032245108235215994,0.020749501157272286,0.030381476788684542
465,0.00630100218387616,0.009261391447216922,0.0005826525901799475,0.00039843155063775824,0.00018636314465314498,0.0006629815318407859,0.001662273566101615
466,0.002372381410383426,0.0017436735603179312,0.003385597127865467,0.002372381410383426,0.004076426026148677,0.006681225841070795,0.0037743892055039246
467,0.0020092945940764365,0.0014801946316703814,0.0028179392734622092,0.004849725971203681,0.0015615946258866976,0.0027740261186876176,0.0014962604200025491
468,0.00011246051832517369,0.0001531605154333318,0.00015744472565524316,2.570526133146827e-05,0.0,0.00018850524976410068,0.0003641578688624672
469,5.99789431067593e-05,4.1771049663635946e-05,9.639472999300602e-05,2.2492103665034738e-05,7.604473143892697e-05,2.0349998554079048e-05,2.1421051109556894e-06
470,6.426315332867068e-06,3.213157666433534e-06,9.639472999300602e-06,2.784736644242396e-05,6.426315332867068e-06,3.213157666433534e-06,3.213157666433534e-06
471,0.0005333841726279666,0.00036308681630698933,0.00016708419865454378,0.0005462368032937008,0.0007668736297221368,0.0005997894310675931,0.000330955239642654
472,4.284210221911379e-06,2.1421051109556894e-06,0.00022492103665034739,2.1421051109556894e-06,2.1421051109556894e-06,2.6776313886946118e-05,0.0007047525815044218
473,0.011955088624243703,0.017498856651397027,0.02291302731933753,0.008144283631853532,0.009215336187331375,0.015492775214987023,0.018472443424326388
474,0.00047126312441025166,2.784736644242396e-05,0.0004027157608596696,7.283157377249343e-05,0.00034809208053029954,0.000489471017853375,0.0012734814884631574
475,0.0004391315477459163,8.568420443822758e-05,0.000379152604639157,0.00027633155931328394,0.00039628944552680254,0.0008996841466013895,0.0021838761606193255
476,0.011148586049968885,0.0034091602840859796,0.004419162843901587,0.0045134154687836376,0.0047511891360997194,0.004813310184317434,0.005827596954354953
477,0.0009264604604883357,0.0002281341943167809,0.00044984207330069477,0.0010174999277039526,0.0006651236369517416,0.000531242067517011,0.0005451657507382229
478,0.01624465410893247,0.008832970425025784,0.009203554609221119,0.007914007332425794,0.01007324928426913,0.008263170465511572,0.009790491409622978
479,0.0,0.0,0.0,0.0,0.0,0.0,0.0
480,0.0,0.0,0.0,0.0,0.0,0.0,0.0
481,0.0019461024933032439,0.0032945576606498504,0.0013141814855713153,0.0008247104677179404,0.0015508841003319192,0.002553389292259182,0.0011256762358072148
482,0.010771575550440685,0.01522608312867304,0.021823766870416563,0.008612333598597349,0.012107178087121556,0.02052886433084385,0.022076535273509335
483,0.0008836183582692219,0.0015348183119997514,0.003593381323628169,0.0008654104648260986,0.0016033656755503336,0.0021967287912850594,0.0016419235675475359
484,0.002447355089266875,0.009887957192171462,0.004153541810143082,0.0038097339398346936,0.0011695893905818064,0.000813999942163162,0.0045969575681109095
485,2.3563156220512585e-05,0.0010571288722566327,0.0023563156220512585,0.0007443815260571021,0.001599081465328422,0.002220291947505572,0.0012991867497946256
486,3.213157666433534e-06,0.00014566314754498687,0.011274970251515271,0.0,0.0010249972955922973,4.284210221911379e-06,0.0012745525410186353
487,0.013679483238563033,0.02198978001651563,0.03248073979742112,0.013430999045692173,0.017756980317267187,0.03548825537320291,0.030007679446822776
488,0.008635896754817862,0.044851396813190225,0.0005398104879608337,0.0033834550227545114,0.00028168682209067316,0.005880078529573367,0.0035890971134062578
489,0.0003855789199720241,0.002056420906517462,0.02282841416745478,0.006268870607211825,0.029938061030716716,0.021226119544459927,0.02958247158229807
490,0.0001702973563209773,0.0008429183611610637,0.006185328507884553,0.003474494489970128,0.026237574451540763,0.01619431463882501,0.020693806424387437
491,0.018244309230009605,0.09944830082867336,0.024311821956791598,0.020034038050213084,0.01606578833216767,0.023802000940384142,0.016032585702947858
492,0.004243510224803221,0.09434045119159952,0.01808900660946532,0.02045924591473779,0.009678030891297805,0.024799150869534017,0.009037541463122054
493,0.0004648368090773846,0.0033823839701990336,0.002020005119631215,0.003778673415725836,0.006369549547426742,0.011067186055752569,0.016631304081459974
494,0.001704044615765251,0.028197600628065218,0.014353175295958597,0.015896562028402172,0.025206150840615598,0.012385651751545795,0.010209272958814816
495,0.030933068854755632,0.009080383565341167,0.009762644043180554,0.0009703736152629273,0.005369186460610436,0.00014244998987855334,0.0
496,0.006702646892180352,0.12285079916586426,0.017273935614746678,0.019461024933032436,0.03466890016826236,0.036023781650941826,0.012689830677301504
497,0.03032256889813326,0.010196420328149082,0.009880459824283117,0.00184863671075476,0.009605199317525312,0.0005965762734011595,0.00029132629508997373
498,0.024019424609146144,0.11567796020182913,0.004195312859806718,0.014793377896259991,0.006278510080211125,0.02410189565591794,0.006560196902301799
499,0.02827471641205962,0.17791361104298026,0.018389972377554593,0.001283120961462458,0.010815488705215275,0.02224790368238579,0.0006372762705093176
500,0.0709529475901853,0.28920561103012765,0.005581254866595049,0.0014084341104533657,0.0,0.003971462875711848,0.0003148894513104863
501,0.0021967287912850594,0.008836183582692218,0.013970809533653006,0.0006704788997291308,0.002116399849624221,0.014936898938694022,0.0012027920198016196
502,0.0012177867555783093,0.0039736049808228036,0.00033202629219813187,0.0037529681543943677,0.0032720655569848157,0.0020339288028524273,0.003328831342425141
503,0.00023348945709417013,0.0006104999566223715,0.0022063682642843602,0.020173274882425204,0.004852939128870114,0.0011749446533591956,0.012156446504673537
504,0.0,0.0,0.0,0.0,0.0,0.0,0.0
505,0.0031264024094398287,0.0012381367541323884,0.0008729078327144434,0.01215002018934067,0.002014649856853826,0.001005718349593696,0.010711596607333925
506,0.0014319972666738782,0.003405947126419546,0.001682623564655694,0.0190133249648427,0.0026958392821377353,4.284210221911379e-06,0.014654141064047872
507,0.017031877737208687,0.12552200423922602,0.018017246088248305,0.0068290310937267375,0.02298800099822098,0.014201085833080742,0.013454562201912684
508,0.00786688101998477,0.005507352240267077,0.008894020420688022,0.003957539192490636,0.009251751974217622,0.006413462702201334,0.004398812845347508
509,0.03657965792723483,0.12108891771210321,0.020385343288409817,0.0009778709831512722,0.0018925498655293516,0.004345260217573616,0.008902588841131846
510,0.0007561631041673584,0.000571942064625169,0.0015423156798880964,6.533420588414852e-05,0.0010142867700375189,0.0042081654904724515,0.004559470728669185
511,0.001737247244985064,0.002349889306718391,0.0020167919619647817,0.0006265657449545392,0.0005162473317403211,0.001828286712200681,0.005443089086938407
512,0.008540573077380334,0.0015958683076619886,0.004599099673221865,0.00013709472710116412,0.0017918709253144341,0.0009885815087060507,0.0014984025251135048
513,0.01755776454194831,0.010544512408679381,0.007698725768774748,0.0026487129696967098,0.0012017209672461418,0.006473441645308093,0.0015412446273326186
514,0.016287496211151584,0.003959681297601591,0.010896888699431591,0.0034113023891969353,0.0018357840800890257,0.007557346831451672,0.0009917946663724842
515,0.0321915556074421,0.017118632994202392,0.0158419383480728,0.0003138183987550085,0.008427041506499682,0.0075198599920099475,0.002746178752245194
516,0.0101375124375978,0.005534128554154023,0.0020906945882927528,0.0026240787609207194,0.004049649712261731,0.00547093645338083,0.005144265423960088
517,0.02475309560964847,0.029853447878833966,0.023840558832381346,0.014650927906381438,0.025136532424509538,0.014289983195185403,0.003717623420063599
518,0.03752539733372177,0.051350543719829785,0.015625585731866277,0.015855862031294014,0.014736612110819666,0.021377137954782303,0.010350651896137892
519,0.02655139285029577,0.005447373297160318,0.00379152604639157,0.00010603420299230662,0.0026487129696967098,0.006531278483303897,0.0007743709976104817
520,0.012937243817616887,0.009685528259186149,0.00648522322341835,0.007208183698365895,0.010905457119875415,0.004474857576786435,0.036025923756052784
521,0.0033984497585312014,0.0097894203570675,0.00837348887872579,0.009107159879228114,0.004174962861252639,0.003939331299047512,0.00781654154987731
522,0.006808681095172658,0.008732291484810868,0.015461714690878167,0.0042820681168004235,0.01740246192140402,0.00660946531985378,0.04032834187140728
523,0.033278673951252113,0.005482718031491087,0.005934702209902738,0.0023220419402759673,0.005928275894569871,0.006859020565280117,0.005262081205062651
524,0.027508913834892963,0.005599462760038172,0.0021913735285076703,0.004495207575340514,0.006217460084548888,0.009310659864768905,0.01312360696227003
525,0.0068761574061677625,0.0097797808840682,0.006118923249444927,0.007996478379197588,0.005919707474126047,0.029887721560609256,0.0108626150176563
526,0.007788694183434887,0.006119994302000405,0.02084268272959886,0.0017693788216493994,0.019086156538615194,0.001800439345758257,0.006613749530075691
527,0.06318139024763805,0.009217478292442332,0.010133228227375888,0.004451294420565923,0.007512362624121602,0.01690656458821778,0.00893472041779618
528,0.0670371794473583,0.0073452784254670585,0.012461696482984723,0.000282757874646151,0.012868696454066304,0.002870420848680624,0.00503394701074587
529,0.008387412561947001,0.00756377314678454,0.009224975660330677,0.0072113968560323285,0.008775133587029981,0.007423465262016942,0.0035066260666344637
530,0.0015326762068887958,0.0002645499812030276,4.391315477459163e-05,0.000579439432513514,0.00010389209788135093,0.00044555786307878337,5.355262777389224e-06
531,0.0008804052006027883,0.0023938024614929827,0.0025705261331468274,0.002068202484627718,0.0028650655859032348,0.0022267182628384393,0.004392386530014641
532,0.0006190683770661942,0.0,0.0,0.0,0.0,0.0,0.0
533,0.0,0.0,0.0,0.0,0.0,0.0,0.001489834104669682
534,0.001193152546802319,0.0005344552251834445,0.0003577315535296001,0.0008632683597151428,5.99789431067593e-05,0.0007036815289489439,0.0
535,0.00012424209643542998,1.0710525554778447e-06,1.0710525554778447e-06,1.0710525554778447e-06,1.0710525554778447e-06,0.0,3.427368177529103e-05
536,0.0006126420617333272,2.1421051109556894e-06,2.1421051109556894e-06,2.1421051109556894e-06,6.426315332867068e-06,1.0710525554778447e-06,0.001448063055006046
537,0.0031478234605493856,0.002443070879044964,0.002615510340476897,0.0017833025048706113,0.002427005090712796,0.0020864103780708415,0.001531605154333318
538,0.00013816577965664197,0.0012906183293508028,0.002026431434964082,0.002323112992831445,0.0008739788852699213,0.002311331414721189,0.0013613077980123406
539,0.002543749819259881,0.0063566969167610085,0.003455215543971527,0.010534872935680081,0.001379515691455464,0.008500944132827653,0.003730476050729333
540,0.003614802374737726,0.004405239160680375,0.0023605998322731698,0.0020649893269612846,0.0024709182454873877,0.004877573337646105,0.004098918129813712
541,1.392368322121198e-05,1.7136840887645515e-05,2.2492103665034738e-05,2.4634208775990428e-05,2.1421051109556895e-05,2.570526133146827e-05,1.0710525554778447e-05
542,0.0005248157521841439,0.0005248157521841439,0.0016108630434386784,0.0019353919677484654,0.0015594525207757418,0.0015947972551065108,0.0013259630636815718
543,2.1421051109556894e-06,0.0,0.0,0.0,0.0,0.0,0.0
544,0.006801183727284314,0.006245307450991312,0.005050012799078038,0.011183930784299655,0.003777602363170358,0.006358839021871964,0.0022299314205048728
545,0.007810115234544443,0.010119304544154677,0.014123970049086339,0.016330338313370697,0.012084685983456522,0.007479159994901789,0.0035408997484097544
546,0.00022170787898391386,0.0005644446967368242,0.002476273508264777,0.0023423919388300463,0.001995370910855225,0.005710852225807868,5.7836837995803615e-05
547,0.00017351051398741083,0.000441273652856872,0.0007711578399440482,0.00080007625894195,0.0006918999508386877,0.0015872998872181658,4.1771049663635946e-05
548,0.009380278280874964,0.007438459997793631,0.011555586021050467,0.00984511508995235,0.011286751829625527,0.009253894079328579,0.011950804414021791
549,0.0022160077372836606,0.0072585231684733536,0.005213883840066148,0.0009917946663724842,0.0024452129841559195,0.004196383912362196,0.00259408928936734
550,1.0710525554778447e-06,1.2852630665734135e-05,6.426315332867068e-06,7.497367888344913e-06,1.0710525554778447e-06,8.782630954918327e-05,1.0710525554778447e-06
551,0.0006993973187270325,0.0015155393660011502,0.001151381497138683,0.000613713114288805,0.0006908288982832099,0.0006661946895072194,0.0007700867873885704
552,0.008182841523850733,0.007216752118809717,0.0041878154919183725,0.006532349535859375,0.007854028389319034,0.0067422758367330325,0.009164996717223917
553,0.05362867250533116,0.019539211769582322,0.013336746420810123,0.021429619530000717,0.027378245423124666,0.0291893952944377,0.034349726506729954
554,0.003868641830385975,0.0019203972319717755,0.003015012943670133,0.0026572813901405328,0.001792941977869912,0.001497331472558027,0.004738336505433985
555,1.0710525554778447e-06,0.0,0.0,0.0,0.0,0.0,0.0
556,0.0026733471784727006,0.00414925759992117,0.001945031440747766,0.0004809025974095523,0.004484497049785736,0.004193170754695762,0.009833333511842093
557,0.05569473288484792,0.0046505101958848015,0.002832934009238899,0.01445599634128447,0.0008836183582692219,0.002188160370841237,0.004019660240708351
558,5.462368032937008e-05,0.0,2.1421051109556894e-06,0.0021763787927309803,4.284210221911379e-05,2.4634208775990428e-05,2.784736644242396e-05
559,0.0656405269150152,0.004805812816429089,0.00369727342150952,0.011443125502725292,0.003574102377629568,0.003204589245989711,0.005333841726279666
560,0.0012145735979118759,0.0005955052208456817,0.0005023236485191091,0.0011481683394722495,0.0007475946837235356,0.0020810551152934524,0.0007711578399440482
561,0.021813056344861786,0.0005044657536300649,0.0005419525930717894,0.004555186518447273,0.00040164470830419177,0.0025758813959242165,0.0023670261476060367
562,0.0,0.0,0.0,0.0,0.0,4.284210221911379e-06,1.0710525554778447e-06
563,0.002270631417613031,0.0039500418246022915,0.001373089376122597,0.004068928658260332,0.004051791817372687,0.0030171550487810886,0.006607323214742824
564,0.0025201866630393684,0.0013409577994582616,0.0037690339427265355,0.0033984497585312014,0.0030642813612221137,0.000737955210724235,0.0017982972406473013
565,0.004805812816429089,0.0019064735487505635,0.00012317104387995215,0.003047144520334468,0.0027526050675780608,0.001931107757526554,0.004717986506879906
566,1.0710525554778447e-06,1.392368322121198e-05,1.9278945998601205e-05,2.1421051109556894e-06,2.1421051109556894e-06,1.7136840887645515e-05,1.392368322121198e-05
567,0.00029775261042284083,0.00039628944552680254,2.6776313886946118e-05,4.391315477459163e-05,0.00018422103954218928,2.3563156220512585e-05,4.391315477459163e-05
568,0.005181752263401813,0.004821878604761257,0.004789747028096921,0.006065370621671035,0.007197473172811116,0.004755473346321631,0.007492012625567523
569,0.0037261918405074217,0.004978252277861022,0.0021421051109556896,0.005885433792350757,0.002157099846732379,0.004253149697802521,0.00260908402514403
570,0.0006362052179538397,0.000882547305713744,0.0003823657623055906,0.0006329920602874062,0.0005623025916258685,0.0005847946952909032,0.0007336710005023236
571,0.0,1.0710525554778447e-06,1.0710525554778447e-06,0.0,0.0,0.0,1.0710525554778447e-06
572,5.355262777389224e-06,0.0005398104879608337,0.0005162473317403211,4.284210221911379e-06,4.284210221911379e-06,4.284210221911379e-06,4.284210221911379e-06
573,0.000910394672156168,0.0006726210048400864,0.0016183604113270233,0.0016022946229948556,0.001565878836108609,0.00092431835537738,7.497367888344913e-06
574,3.213157666433534e-06,8.568420443822758e-06,7.497367888344913e-06,7.497367888344913e-06,6.426315332867068e-06,4.284210221911379e-06,3.213157666433534e-06
575,0.0007058236340598997,0.0008696946750480099,0.0009136078298226016,0.0008632683597151428,4.605525988554732e-05,0.0008011473114974278,0.00011888683365804077
576,0.0,0.0,0.0,0.0,0.0,0.0,0.0
577,0.00046162365141095104,9.639472999300602e-06,1.0710525554778447e-06,1.0710525554778447e-06,1.0710525554778447e-06,0.00012102893876899645,0.0
578,0.0046708601944388806,0.002152815636510468,0.0017597393486500988,0.0032838471350950717,0.003999310242154272,0.001710470931098118,0.00511856016262862
579,0.03583527640117773,9.639472999300602e-06,2.1421051109556894e-06,4.284210221911379e-06,9.639472999300602e-06,3.2131576664335344e-05,0.00042520786452470436
580,0.026155103404768967,0.0014469920024505682,0.0030653524137775915,0.004262789170801822,0.0029293287392319054,0.008042533639083136,0.0045905312527780425
581,0.002344534043941002,2.4634208775990428e-05,1.9278945998601205e-05,3.6415786886246717e-05,2.0349998554079048e-05,1.9278945998601205e-05,0.0007454525786125799
582,0.0,1.0710525554778447e-05,0.0,0.0,0.0,3.213157666433534e-06,0.0
583,0.0015819446244407767,0.0014448498973396126,0.0020178630145202595,0.0021603130043988126,0.001544457784999052,0.0019257524947491648,0.0014073630578978879
584,0.0464815388026275,0.0,0.0,0.0,0.0,0.0,0.0
585,0.00024741314031538213,1.0710525554778447e-06,1.1781578110256292e-05,1.0710525554778447e-06,1.0710525554778447e-06,0.0004123552338589702,1.0710525554778447e-06
586,0.044716444191200015,0.0011085393949195692,0.00044984207330069477,0.0016654867237680484,0.0022642051022801635,1.1781578110256292e-05,0.001440565687117701
587,0.0028522129552375004,0.0022331445781713062,0.002137820900733778,0.0011063972898086136,0.0051903206838456355,0.0010389209788135094,0.0048004575536517
588,0.0006062157464004601,2.570526133146827e-05,3.213157666433534e-06,0.0,1.9278945998601205e-05,0.0,0.0
589,0.0016247867266598905,0.0017211814566528965,0.00019064735487505635,0.00011674472854708507,0.0008836183582692219,0.0008953999363794781,0.000406999971081581
590,0.002778310328909529,0.002150673531399512,0.0016312130419927574,0.002697981387248691,0.002585520868923517,0.0017768761895377444,0.0023563156220512585
591,0.011416349188838347,0.006909360035387576,0.002578023501035172,0.002500907717040767,0.023181861510762472,0.0030996260955528827,0.026685274419730502
592,0.0025073340323736345,0.0005601604865149128,0.0011631630752489393,0.002269560365057553,0.0009596630897081488,0.0005751552222916026,0.0034916313308577737
593,0.013845496384662098,0.01287512276939917,0.00484008649820438,0.004325981271575015,0.009931870346946054,0.005198889104289458,0.00393076287860369
594,0.023920887774042183,0.018079367136466018,0.015763751511522917,0.013311041159478653,0.00791186522731484,0.01272196225396584,0.0017286788245412413
595,0.04488031523218813,0.01458559370049729,0.014157172678306152,0.021995135279293018,0.044720728401421925,0.03242718716964722,0.06109819302723365
596,0.12025242566627502,0.03039218731423932,0.02599016131122538,0.04917095176943237,0.005937915367569171,0.007289583692582211,0.01911614601016857
597,0.016014377809504734,0.004246723382469654,0.006409178491979422,0.0019364630203039432,0.00477582334487571,0.006133917985221617,0.002061776169294851
598,0.0022513524716144297,0.0014041499002314544,0.0028115129581293423,0.002405584039603239,0.002974312946561975,0.009191773031110862,0.005693715384920223
599,0.0,0.0005365973302944002,0.0,0.0004841157550759858,0.05166971738136218,0.0333954186797992,0.05106671479262816
600,0.020311440662081848,0.0022331445781713062,0.0050360891158568255,0.002744036647134238,0.0011867262314694518,0.019769488069010056,0.01676090144067279
601,0.003862215515053108,0.0005205315419622325,0.0014598446331163023,0.00044877102074521695,0.00045412628352260617,0.003890062881495532,0.0025448208718153588
602,0.0003523762907522109,0.0010710525554778448,0.0009318157232657249,0.00032774208197622047,0.00036844207908437855,0.00041771049663635943,0.0008022183640529057
603,0.00035023418564125524,0.00018422103954218928,0.00029989471553379653,2.8918418997901807e-05,5.141052266293654e-05,0.00046376575652190674,0.00017779472420932223
604,0.00147591042144847,0.0015048288404463717,0.0003116762936440528,0.0005066078587410205,0.0015872998872181658,0.0009810841408177057,0.0022952656263890213
605,7.497367888344913e-06,5.355262777389224e-06,2.1421051109556894e-06,2.1421051109556894e-06,5.355262777389224e-06,7.497367888344913e-06,5.355262777389224e-06
606,0.0018079367136466019,0.0015508841003319192,0.0016601314609906593,0.0025084050849291124,0.0012863341191288915,0.0026958392821377353,0.0015358893645552292
607,0.0007807973129433488,0.0004991104908526757,0.000813999942163162,7.711578399440482e-05,0.0017950840829808678,0.00092431835537738,0.0014212867411190998
608,0.0014887630521142042,0.00048732891274241933,0.0003545183958631666,0.0013056130651274928,0.0008707657276034878,0.0004434157579678277,0.0008375630983836745
609,0.0007904367859426493,0.00021206840598461324,0.00029132629508997373,0.0013131104330158375,0.0005772973274025582,0.0009917946663724842,0.0006287078500654948
610,0.0,0.0,0.0,0.0,0.0,0.0,0.0
611,0.0,0.0,0.0,0.0,0.0,0.0,0.0
612,0.0010228551904813417,0.0016419235675475359,0.0022513524716144297,0.005279218045950296,0.0016237156741044124,0.001867915656753361,0.0010614130824785442
613,0.0014437788447841347,0.0008889736210466111,2.2492103665034738e-05,0.0003148894513104863,5.248157521841439e-05,1.2852630665734135e-05,0.0018732709195307504
614,0.0,0.002274915627834942,0.003613731322182248,0.014011509530761164,0.002655139285029577,0.003088915569998104,0.001889336707862918
615,0.0031060524108857497,0.0031285445145507844,0.003422012914751714,0.008781559902362849,0.0049621864895288545,0.00289719716256757,0.002214936684728183
616,0.004887212810645405,0.005429165403717195,0.003917910247937956,0.0023413208862745685,0.005175325948068946,0.003337399762868964,0.0030878445174426263
617,0.004499491785562425,0.013070054334496138,0.032933795028388245,0.009711233520517618,0.014020077951204987,0.019574556503913088,0.0024784156133757325
618,0.0005944341682902038,0.0015326762068887958,0.007927931015647007,0.0044598628410097456,0.0028522129552375004,0.007555204726340716,0.0013120393804603597
619,0.007299223165581512,0.012138238611230414,0.024711324559984833,0.002318828782609534,0.011835130738030183,0.012730530674409662,0.0062024653487721985
620,0.019397832832259244,0.024337527218123066,0.007749065238882206,0.002428076143268274,0.009814054565843491,0.004876502285090627,0.0014341393717848341
621,0.0014469920024505682,0.0042049523328060185,0.0026594234952514884,0.007694441558552837,0.009781922989179155,0.005290999624060553,0.0006704788997291308
622,0.002047852486073639,0.007277802114471954,0.002420578775379929,0.002084268272959886,0.008322078356062853,0.006394183756202733,0.005175325948068946
623,0.027164034912029098,0.1132381024804506,0.005971117996788984,0.001558381468220264,0.007874378387873113,0.004687997035326527,0.006729423206067298
624,0.03469781858726026,0.11470758658656621,0.01716468825408794,0.0017972261880918234,0.003434865545417448,0.005627310126480596,0.023493537804406522
625,0.005701212752808567,0.002584449816368039,0.018518498684211935,0.004545547045447973,0.02531754030638529,0.017610246117166724,0.026167956035434703
626,0.0481930807862811,0.04500991259140095,0.001193152546802319,0.033137295013929036,0.0023563156220512585,0.004396670740236553,0.0032656392416519483
627,0.0012145735979118759,0.0007400973158351907,5.890789055128146e-05,5.355262777389224e-06,0.00036308681630698933,0.0004766183871876409,2.0349998554079048e-05
628,0.003731547103284811,0.0037015576317314313,0.0002591947184256384,0.025355027145827016,0.006713357417735131,0.0031831681948801542,0.008226754678625325
629,0.010116091386488243,0.017251443511081644,0.009365283545098274,0.033035545021158644,0.01041598610202204,0.01717861193730915,0.01834713027533548
630,0.0,0.0,0.0,0.0002656210337585055,0.00030310787320023006,0.00042199470685827083,0.00044555786307878337
631,0.004669789141883403,0.02031465381974828,0.013120393804603598,0.012175725450672139,0.005527702238821156,0.010869041332989169,0.009160712507002006
632,0.00540667330005216,0.0071942600151446824,0.003291344502983417,0.003517336592189242,0.00135166832501304,0.0021292524802899553,0.0031692445116589425
633,0.0014148604257862329,0.002076770905071541,0.0006608394267298302,0.0037636786799491464,0.002676560336139134,0.001399865690009543,0.002496623506818856
634,0.0008386341509391524,0.000268834191424939,0.0,0.0010539157145901992,0.0004027157608596696,1.7136840887645515e-05,0.0012874051716843693
635,0.0007433104735016243,0.001841139342866415,0.012260338602554889,0.002661565600362444,0.0034819918578584733,0.003441291860750315,0.0022320735256158284
636,0.0018357840800890257,0.0016119340959941562,0.0019021893385286523,0.00020564209065174617,0.00029882366297831866,6.104999566223715e-05,0.0005012525959636313
637,0.000876120990380877,1.2852630665734135e-05,0.0001006789402149174,0.0014170025308971885,0.001165305180359895,0.0007358131056132793,0.002338107728608135
638,0.0,0.0,0.0,0.0,0.0,0.0,0.0
639,0.0018572051311985826,0.002510547190040068,0.003249573453319781,0.002599444552144729,0.00256409981781396,0.0025919471842563843,0.0010592709773675883
640,0.0005023236485191091,2.3563156220512585e-05,0.00016922630376549946,9.10394672156168e-05,0.0006319210077319284,0.0004584104937445175,0.0009211051977109464
641,0.0,0.0,0.0,0.0,0.0,0.0,0.0
642,0.0008836183582692219,0.0009939367714834398,0.0006961841610605991,0.004152470757587604,0.0018914788129738738,0.000820426257496029,0.00012852630665734138
643,0.0007026104763934661,0.0021421051109556896,0.0023777366731608154,0.001364520955678774,0.0010442762415908986,0.002014649856853826,0.001047489399257332
644,0.0006554841639524409,7.497367888344913e-06,1.392368322121198e-05,0.001041063083924465,0.0009885815087060507,0.00044984207330069477,0.0004841157550759858
645,1.0710525554778447e-06,0.0,0.00029132629508997373,5.355262777389224e-06,0.0009510946692643261,0.00027954471697971746,0.0003095341885330971
646,0.0014298551615629226,0.0,0.0,0.0,0.0,0.0,0.0
647,0.0028950550574566142,0.0012584867526864675,0.0025448208718153588,0.000689757845727732,0.0010721236080333226,0.00279758927490813,0.003709054999619776
648,0.0013420288520137394,0.0019707367020792344,0.0017383182975405419,0.001895763023195785,0.0021635261620652465,0.0014502051601170017,0.0021474603737330787
649,0.00024848419287085995,0.00032988418708717617,0.006111425881556581,0.0005355262777389224,0.0038836365661626647,0.002738681384356849,0.0017897288202034785
650,0.019848745958115418,0.0017833025048706113,0.003621228690070593,0.0012488472796871669,0.0027215445434692035,0.027209019119359166,0.01887730129029701
651,0.0053713285657213915,0.008156065209963786,0.022568148396473666,0.0016836946172111718,0.006328849550318584,0.011315670248623429,0.004473786524230958
652,0.002563028765258482,0.003026794521780389,0.005861870636130244,0.002777239276354051,0.003291344502983417,0.00024741314031538213,0.0028029445376855197
653,0.005645518019923719,0.11994717568796383,0.05194069367789808,0.021689885300981832,0.004997531223859623,0.007703009978996659,0.015255001547670942
654,0.13796763493387856,0.11513600760875735,0.02600408499444659,0.043827470570153404,0.003233507664987613,0.007979341538309943,0.006040736412895044
655,6.961841610605991e-05,0.0006769052150619978,4.605525988554732e-05,0.019076517065615892,0.0001338815694347306,0.00010817630810326232,0.00818391257640621
656,0.020013688051659005,0.004218876016027231,0.0013334604315699166,0.016432088306141093,0.0016761972493228269,0.006478796908085483,0.01652955408868958
657,0.01763166716827628,0.0005440946981827451,0.0001606578833216767,0.0018529209209766713,0.0004080710236370588,0.003556965536741922,0.0004294920747466157
658,0.017494572441175114,0.0006329920602874062,7.497367888344913e-06,0.002036070907963383,0.00013816577965664197,0.003771176047837491,0.00041985260174731513
659,0.02112436955168953,0.004138547074366392,0.01583765413785089,0.0033727444971997328,0.0029818103144503196,0.01584300940062828,0.008197836259627424
660,0.0004305631273020936,6.426315332867069e-05,2.784736644242396e-05,0.0004241368119692265,0.00014887630521142042,0.005359546987611135,0.001117107815363392
661,0.02090587483037205,0.0,0.002780452434020485,0.0006993973187270325,2.1421051109556894e-06,0.0013345314841253944,1.0710525554778447e-06
662,0.008777275692140938,0.04744762820766852,0.008850107265913431,0.0024773445608202546,0.01346741483257842,0.008837254635247696,0.01030138347858591
663,0.006110354829001104,0.010208201906259338,0.0032185129292109232,0.013009004338833901,0.005130341740738876,0.00823425204651367,0.00780690207687801
664,0.0061221364071113605,0.014716262112265587,0.035261192231441606,0.022518879978921685,0.016176106745381887,0.0222425484196084,0.008713012538812267
665,0.002526612978372236,0.0010571288722566327,0.00039628944552680254,0.0047211996645463395,0.0013827288491218975,0.0011406709715839046,0.003275278714651249
666,0.016713775128231766,0.013811222702886808,0.05489679873101693,0.038123044659678404,0.031590695123819026,0.040764260261486766,0.012902970135841595
667,0.015363177855774204,0.0036919181587321305,0.01436174371640242,0.007765131027214374,0.00522780752328736,0.003104981358330272,0.002000726173632614
668,0.0007036815289489439,9.425262488205034e-05,0.00021206840598461324,0.0008289946779398518,0.0003405947126419546,0.0007872236282762159,0.0008654104648260986
669,3.1060524108857494e-05,0.00038986313019393544,9.746578254848386e-05,0.00030310787320023006,0.0002013578804298348,0.0002881131374235402,0.00023884471987155935
670,0.0015701630463305202,0.00224599720883704,0.0019750209123011457,0.004252078645247044,0.003833297096055206,0.0034359365979729256,0.0036994155266204757
671,0.0009767999305957944,0.0014266420038964891,0.0008525578341603644,0.0013131104330158375,0.003167102406547987,0.001834713027533548,0.0018100788187575575
672,0.0016665577763235264,0.001586228834662688,0.00035130523819673306,0.001455560422894391,0.00042734996963566006,0.001247776227131689,0.0019503867035251551
673,0.0006147841668442828,2.4634208775990428e-05,0.0014630577907827358,0.0014673420010046473,0.0013837999016773754,0.0001895763023195785,0.00021635261620652464
674,1.0710525554778447e-06,0.0002441999826489486,3.213157666433534e-06,0.0,1.0710525554778447e-06,7.497367888344913e-06,1.0710525554778447e-06
675,0.00023884471987155935,0.0003138183987550085,7.283157377249343e-05,7.390262632797128e-05,7.604473143892697e-05,0.00010603420299230662,0.000379152604639157
676,0.0002666920863139833,0.00035344734330768876,0.0006244236398435834,0.0002559815607592049,0.000406999971081581,0.00022920524687225876,6.426315332867068e-06
677,0.0016055077806612892,0.0015776604142188652,0.0012906183293508028,0.0005333841726279666,0.0004594815462999954,0.0011813709686920627,0.0014512762126724795
678,0.0021624551095097686,0.0015198235762230617,0.0031435392503274743,0.003042860310112557,0.002730112963913026,0.002525541925816758,0.0023948735140484605
679,0.008823330952026484,0.010835838703769354,0.01605614885916837,0.019022964437842,0.026378953388863837,0.020506372227178816,0.002662636652917922
680,0.0036458628988465832,0.004334549692018837,0.015432796271880263,0.0027579603303554503,0.023777366731608154,0.004279926011689467,0.0009896525612615285
681,0.00022920524687225876,0.00014244998987855334,0.0003866499725275019,0.00017136840887645516,0.0004241368119692265,0.0002581236658701606,0.0001413789373230755
682,0.011566296546605246,0.012776585934295209,0.02652782969407526,0.04012162872820006,0.022271466838606303,0.019968703844328937,0.008722652011811566
683,0.011243909727406413,0.006917928455831399,0.015008659459911037,0.03136148987694677,0.012048270196570275,0.003737973418617678,0.0062292416626591445
684,0.0011342446562510376,0.0014330683192293563,0.0036501471090684945,0.004410594423457765,0.0034241550198626696,0.013264985899593107,0.0015755183091079096
685,0.0008504157290494087,0.0017051156683207287,0.0023745235154943815,0.0026904840193603457,0.0022652761548356414,0.0007304578428358901,0.0024312893009347074
686,0.0010742657131442783,0.0012670551731302903,0.0022363577358377397,0.0024248629856018404,0.0018647024990869276,0.0012874051716843693,0.001117107815363392
687,0.0,0.0,0.0,0.0,0.0,0.0,0.0
688,0.0,0.0,0.0,0.0,0.0,0.0,3.6415786886246717e-05
689,0.0004744762820766852,0.0,0.0,0.0,0.0,0.0,0.0008129288896076842
690,0.004394528635125597,0.012077188615568177,0.001516610418556628,0.01256773068597703,0.0016162183062160677,0.004066786553149376,0.006163907456774996
691,0.006859020565280117,0.0226099194461373,0.007031460026712051,0.014340322665292863,0.005775115379136539,0.03329688184469524,0.015748756775746227
692,0.004602312830888299,0.00010603420299230662,0.01715933299131055,0.0027226155960246813,0.01592119623717816,0.0034927023834132515,0.00954093616419664
693,0.024045129870477612,0.0159918857058397,0.01613005148549634,0.007990052063864722,0.015297843649890055,0.005274933835728385,0.052725775201063335
694,0.0,0.0,0.0,0.0,0.0,0.0,0.0
695,0.021327869537230322,0.008609120440930916,0.0005515920660710901,0.00039843155063775824,0.0005955052208456817,0.004503775995784337,0.001393439374676676
696,0.00970052299496284,0.001399865690009543,0.02351924306573799,0.01704473036787442,0.020407835392074854,0.0004776894397431187,0.010346367685915979
697,0.0038729260406078865,0.002475202455709299,0.014218222673968389,0.007311004743691768,0.013647351661898698,0.0038450786741654626,0.05768474853292576
698,0.0297067136787335,0.0003866499725275019,1.0710525554778447e-06,1.0710525554778447e-06,1.0710525554778447e-06,0.0006383473230647954,1.0710525554778447e-06
699,0.006442381121199236,0.027508913834892963,0.0008193552049405512,0.0003159605038659642,0.0003577315535296001,0.03785635257336442,0.013045420125720148
700,0.00609750219833537,0.03446218702505513,0.0,0.0,0.0,0.04093777077547418,0.0
701,0.0,0.000634063112842884,8.568420443822758e-06,0.0,0.0,0.0006479867960640961,0.0
702,0.002525541925816758,0.006497004801528606,0.0013484551673466065,0.0017640235588720103,0.0013463130622356507,0.0007133210019482446,0.001165305180359895
703,0.00010603420299230662,0.00010603420299230662,8.568420443822758e-06,0.00011138946576969584,4.284210221911379e-06,2.0349998554079048e-05,0.0005912210106237703
704,0.015859075188960445,0.01934106704681892,0.0675352188856555,0.07574055251317127,0.06765089256164711,0.04208808122005739,0.0159629672868418
705,0.0012038630723570974,0.01551419626609658,0.003737973418617678,0.001531605154333318,0.0019600261765244558,0.03783171836458843,0.09251644868962075
706,0.00039414734041584684,0.0002152815636510468,0.000737955210724235,0.00035344734330768876,0.0007154631070592002,0.03884600513462595,0.00030096576808927436
707,0.0028147261157957758,0.00042306575941374866,0.004387031267237252,0.009594488791970533,0.07108254494939811,0.0013495262199020844,0.0006233525872881056
708,0.028979468993564045,0.025186871894616995,0.13348742209431474,0.11244980779961891,0.04353507322250795,0.055604764470187786,0.025058345587959656
709,0.02751962436044774,0.0007079657391708553,0.004610881251332122,0.0,0.00018422103954218928,0.006022528519451921,0.0012220709658002208
710,7.497367888344913e-05,9.10394672156168e-05,0.005990396942787585,0.0007293867902804122,0.07329533952901535,0.0009307446707102471,9.318157232657249e-05
711,0.0040507207648172085,0.0005869368004018589,0.0023766656206053375,0.012591293842197543,0.044208765279903514,0.0008193552049405512,0.0027204734909137256
712,0.0026433577069193206,0.045814273060564806,0.14727079743075913,0.13522681144441076,0.0071578442282584365,0.018260375018341775,0.016754475125339924
713,0.00035558944841864446,1.0710525554778447e-05,0.013043278020609193,0.015139327871679334,0.12346129912248664,0.0003427368177529103,0.0005783683799580362
714,1.2852630665734135e-05,4.284210221911379e-06,0.0,0.14164884256705593,0.001820789344312336,0.0014127183206752772,0.0
715,0.004086065499147977,0.0019471735458587217,0.0006629815318407859,0.007216752118809717,0.1240482359228885,0.016461006725138994,0.011510601813720397
716,0.0009189630925999908,0.0008022183640529057,0.16191851217947412,0.14237715830478084,0.0012456341220207334,0.0018454235530883263,0.030537850461784307
717,0.0003191736615323977,1.0710525554778447e-05,0.00037701049952820135,0.006652307422072894,0.1247347806109498,0.015954398866397976,0.00017136840887645516
718,0.0,2.1421051109556894e-06,0.0,0.0033620339716449545,0.0008804052006027883,0.018368551326445038,0.007159986333369392
719,0.0005216025945177104,0.0006147841668442828,0.00013816577965664197,0.006856878460169162,0.1257019410685463,0.0004980394382971978,0.0009136078298226016
720,0.001075336765699756,0.0007561631041673584,0.004941836490974775,0.011650909698487994,0.11433378924470444,0.0005537341711820457,0.009132865140559582
721,0.0,0.00020778419576270187,9.639472999300602e-05,3.213157666433534e-06,0.004589460200222564,0.00024848419287085995,2.1421051109556894e-06
722,0.000317031556421442,0.00032667102942074265,6.426315332867068e-06,0.0005141052266293655,0.0006404894281757511,0.017034019842319642,0.02328146939842191
723,0.007843317863764257,0.005290999624060553,0.1632969568183741,0.11254834463472288,0.007317431059024635,0.002380949830827249,0.0073688415816875715
724,0.012173583345561182,0.004266002328468256,0.06919106613642424,0.0520799305101102,0.006040736412895044,0.0017843735574260894,0.0048786443902015825
725,0.00041878154919183726,0.00044448681052330555,0.0005151762791848433,0.0005805104850689918,0.0011395999190284267,0.018130777659128954,0.013236067480595205
726,0.0008836183582692219,1.0710525554778447e-05,1.392368322121198e-05,0.02609405340910673,1.1781578110256292e-05,0.000585865747846381,0.00097894203570675
727,0.03308481343871062,0.0016044367281058114,0.0019332498626375098,0.026176524455878526,0.007197473172811116,0.001185655178913974,0.0009157499349335572
728,0.035029844879458386,0.001179228863581107,0.00011781578110256292,0.00020778419576270187,3.213157666433534e-06,0.0004573394411890397,0.0012199288606892652
729,0.0032324366124321354,0.00023348945709417013,0.0,0.00044020260030139415,0.0008654104648260986,0.001323820958570616,0.001158878865027028
730,0.0014148604257862329,0.0003845078674165462,0.0011845841263584962,0.00012531314899090783,0.00128204990890698,0.0006597683741743523,0.0006019315361785487
731,0.054094580366964025,0.0,0.16406704360576269,0.22959082579223078,0.00016922630376549946,0.05686432227542973,0.03591346323772761
732,0.0008129288896076842,0.011435628134836947,0.017545982963838053,0.04404275213380445,0.03222475823666191,0.031288658303174274,0.004915060177087829
733,0.03593274218372621,0.06228063504848119,0.11559548915505734,0.11563833125727646,0.027300058586574784,0.01722788035486113,0.053031025179374525
734,0.03443219755350175,0.005383110143831647,0.03890598407773271,0.03836296043210544,0.008092873109190594,0.028404313771272442,0.017081146154760668
735,0.025121537688732848,0.0738876315921946,0.033032331863492206,0.12384794909501413,0.014775170002816867,0.050142396437250776,0.05023022274679996
736,0.0021410340584002117,0.013544530616572825,0.010562720302122503,0.014963675252580967,0.000848273623938453,0.007474875784679878,0.0075198599920099475
737,0.023562085167957107,0.02396158777115034,0.025076553481402777,0.055475167110974964,0.0038804234084962312,0.013643067451676786,0.018742348668306805
738,0.001255273595020034,0.0011974367570242303,0.02689948493082607,0.01310432801627143,0.01175265969125839,0.0005216025945177104,0.0004862578601869415
739,0.022325019466380196,0.00972515720373883,0.03987421558788468,0.03532331327965932,0.008307083620286164,0.008876883579800376,0.012974730657058611
740,0.001834713027533548,0.006515212694971729,0.0021474603737330787,0.011047907109753967,0.0023370366760526572,0.0036158734272932038,0.00721032580347685
741,0.011709817589039277,0.00817427310340691,0.012913680661396374,0.029670297891847254,0.054054951422411346,0.009532367743752818,0.01176765442703508
742,0.0026026577098111625,0.004359183900794828,0.009363141439987318,0.005281360151061252,0.0074427442080155426,0.0018015103983137347,0.002269560365057553
743,0.003750826049283412,0.003524833960077587,0.0038632865676085856,0.010183567697483348,0.03185952931524397,0.004421304949012543,0.00503394701074587
744,0.013083978017717351,0.012588080684531109,0.0017875867150925228,0.016208238322046223,0.01661416724057233,0.007758704711881507,0.012815143826292412
745,0.003936118141381079,0.0005623025916258685,0.004790818080652399,0.009350288809321584,0.008213902047959592,0.0009360999334876363,0.0020928366934037084
746,0.014151817415528761,0.009418836172872166,0.010064680863825306,0.021891243181411668,0.02066274590027858,0.034341158086286135,0.026960534926488307
747,0.0023745235154943815,0.002158170899287857,0.004968612804861721,0.008783702007473804,0.008168917840629522,0.004917202282198785,0.004216733910916275
748,0.005623025916258685,0.009042896725899443,0.005417383825606938,0.00558553907681696,0.006681225841070795,0.03542292116731876,0.022230766841498144
749,0.0006661946895072194,0.00257909455359065,0.0032538576635416923,0.00046162365141095104,0.0007904367859426493,0.0002591947184256384,0.0001820789344312336
750,0.007475946837235356,0.004803670711318133,0.0057901101149132285,0.00755841788400715,0.004711560191547039,0.006722996890734431,0.0050596522720773385
751,0.0023359656234971794,0.0009403841437095477,0.0021549577416214234,0.0021849472131748033,0.0017490288230953203,0.0009875104561505729,0.000972515720373883
752,0.0,0.0,0.0,0.0,0.0,0.0,0.0
753,0.0,0.00039628944552680254,1.0710525554778447e-06,0.0,0.00022599208920582524,0.0,0.0
754,0.0012906183293508028,0.0025084050849291124,0.0007068946866153775,0.0009350288809321585,0.0010999709744757464,0.0012499183322426447,0.000972515720373883
755,0.0019964419634107026,0.004351686532906483,0.001399865690009543,0.0011620920226934615,0.0015947972551065108,0.0032035181934342333,0.0009339578283766805
756,0.0020874814306263193,0.0016472788303249252,0.002780452434020485,0.0014909051572251598,0.003551610273964533,0.001895763023195785,0.0031210471466624396
757,0.001427713056451967,0.001240278859243344,0.0023680972001615145,0.0009478815115978925,0.001924681442193687,0.007803688919211576,0.008926151997352357
758,0.004153541810143082,0.0024184366702689735,0.01785016188959376,0.008129288896076841,0.013920470063545548,0.0010153578225929967,0.015208946287785395
759,0.009395273016651653,0.009771212463624376,0.036778873702553706,0.03187666615613161,0.02494052980685709,0.04673752036338671,0.04978573593627666
760,0.0032656392416519483,0.016435301463807526,0.020620974850614943,0.01603151465039238,0.005060723324632816,0.04084887341336952,0.04655651248151095
761,0.0008311367830508075,0.020586701168839653,0.007512362624121602,0.0005805104850689918,0.0008814762531582662,0.003489489225746818,0.003860073409942152
762,0.014383164767511976,0.017072577734316845,0.0566190512402253,0.006086791672780591,0.005295283834282464,0.012348164912104071,0.032754929251623446
763,0.01044062031079803,0.003048215572889946,0.06418175333445436,0.0764881471968948,0.008766565166586159,0.01034101242313859,0.023504248329961303
764,0.005023236485191092,0.0028297208515724657,0.0017533130333172318,0.01739817771118211,0.0022856261533897204,0.002605870867477596,0.05349050672567452
765,0.00888009673746681,0.029745271570730702,0.0031403260926610404,0.006656591632294805,0.009885815087060507,0.0001606578833216767,0.04362397058461261
766,0.001614076201105112,0.023288966766310256,0.020441038021294666,0.01851100131632359,0.0014791235791149035,0.0027054787551370357,0.09481599852623168
767,0.00017458156654288868,0.009966144028721344,0.020351069606634527,0.0136859095538959,0.009519515113087084,8.568420443822758e-06,0.0005944341682902038
768,0.008026467850750969,0.0020167919619647817,0.0007957920487200386,0.006610536372409257,0.0,0.08580094916677466,0.09492631693944589
769,0.0003812947097501127,0.007859383652096425,0.01928108810371216,0.01253238595164626,0.006077152199781291,0.0,4.284210221911379e-06
770,0.006651236369517415,0.00509392595385263,0.002135678795622822,0.005480575926380131,0.002605870867477596,0.00578903906235775,0.001482336736781337
771,0.0007647315246111812,0.0023413208862745685,0.01604650938616907,0.011769796532146035,4.284210221911379e-06,0.07885838650216727,0.09323191179667994
772,0.005450586454826751,0.003977889191044715,0.0013848709542328532,0.004128907601367091,0.0010485604518128099,0.005159260159736778,0.0
773,0.0021892314233967146,0.0012724104359076794,0.0,0.0,0.0008696946750480099,0.0006704788997291308,0.0
774,0.004272428643801123,0.00030096576808927436,0.0,0.0012670551731302903,1.392368322121198e-05,1.0710525554778447e-06,0.0
775,0.0,8.675525699370542e-05,0.0,1.0710525554778447e-06,9.639472999300602e-06,0.00031810260897691985,0.0013827288491218975
776,0.0,0.0003352394498645654,0.01535568048788586,0.010891533436654202,0.0083584941429491,0.07925467594769407,0.0917302961139
777,0.002729041911357548,0.0005890789055128146,0.002964673473562674,0.00172439461431933,0.002932541896898339,0.0013345314841253944,0.002735468226690415
778,0.004037868134151475,0.00034809208053029954,0.0008311367830508075,8.354209932727189e-05,6.640525843962637e-05,0.0009071815144897344,0.0007079657391708553
779,0.000737955210724235,0.0002645499812030276,0.0012252841234666543,0.0019386051254148989,0.0006372762705093176,0.03531474485921549,0.0029764550516729305
780,0.0016976183004323837,0.004008949715153573,0.011302817617957695,0.006506644274527906,0.006084649567669635,0.04180103913518932,0.08641252017595251
781,0.034446121236722964,0.0005290999624060552,0.003427368177529103,0.0011813709686920627,0.00039521839297132467,0.029674582102069164,0.04205594964339305
782,0.00016279998843263238,2.8918418997901807e-05,0.0005805104850689918,0.0006929710033941655,0.00010710525554778447,0.03652931845712737,0.002627291918587153
783,0.032792416091065174,0.0003641578688624672,0.0003523762907522109,0.00024312893009347075,0.0002013578804298348,0.0008782630954918327,0.0008097157319412506
784,0.0046708601944388806,0.005246015416730483,0.003544112906076188,0.004116054970701357,0.014671277904935517,0.009363141439987318,0.0351112448736747
785,0.0027333261215794595,4.0699997108158096e-05,5.3552627773892235e-05,8.568420443822758e-05,2.570526133146827e-05,0.005693715384920223,0.015009730512466516
786,0.00010817630810326232,8.568420443822758e-06,7.497367888344913e-06,6.104999566223715e-05,1.1781578110256292e-05,0.036501471090684946,0.002861852428236801
787,0.001365592008234252,0.0010367788737025536,0.0006169262719552386,9.960788765943956e-05,0.0018165051340904247,0.0040035944523761835,0.0007347420530578015
788,0.0040239444509302625,0.0016312130419927574,0.0044695023140090455,0.0029603892633407627,0.003536615538187843,0.006268870607211825,0.04225516541871193
789,0.0002923973476454516,2.1421051109556894e-06,6.426315332867068e-06,8.568420443822758e-06,6.426315332867068e-06,0.00598289957489924,0.016824093541445984
790,0.0013741604286780747,0.00014030788476759764,2.570526133146827e-05,1.7136840887645515e-05,2.0349998554079048e-05,0.056160640746480785,0.0601481694105248
791,0.0013570235877904291,0.0012649130680193346,0.0010507025569237657,7.818683654988266e-05,0.00023670261476060368,0.0592442010537015,0.058764369508847426
792,0.00033416839730908757,4.284210221911379e-06,3.213157666433534e-06,4.284210221911379e-06,4.284210221911379e-06,0.0071846205421453825,0.0023370366760526572
793,0.0005183894368512768,0.0005944341682902038,0.0009050394093787788,0.0013763025337890304,0.0005098210164074541,0.005081073323186895,0.001117107815363392
794,2.1421051109556895e-05,9.639472999300602e-06,9.639472999300602e-06,9.639472999300602e-06,9.639472999300602e-06,0.0026733471784727006,0.0013559525352349513
795,0.0021753077401755025,0.0015819446244407767,0.0017136840887645515,0.003067494518888547,0.0021645972146207243,0.06063442727071174,0.02762994277366196
796,0.0012327814913549993,0.0013763025337890304,0.0018721998669752726,0.0013538104301239957,0.001440565687117701,0.031935574046682895,0.05321953042913863
797,0.0,0.0,2.1421051109556894e-06,0.0,0.0,0.09321156179812587,0.0827002520186663
798,0.0,0.0,0.0,0.0,0.0,0.0,0.0
799,1.392368322121198e-05,0.0013131104330158375,0.0003641578688624672,3.7486839441724567e-05,0.0008557709918267979,0.001269197278241246,0.0023531024643848246
800,0.0005976473259566373,7.497367888344913e-06,7.497367888344913e-06,0.0,0.0,0.0,0.0016761972493228269
801,0.0018497077633102378,0.0004091420761925367,0.0006147841668442828,0.0003159605038659642,0.0028629234807922787,0.0015530262054428748,0.002785807696797874
802,8.568420443822758e-06,0.0,7.497367888344913e-06,7.497367888344913e-06,6.426315332867068e-06,0.000268834191424939,0.00023777366731608153
803,0.001539102522221663,2.0349998554079048e-05,0.0006287078500654948,0.0006437025858421847,0.00039950260319323607,0.0007797262603878709,0.0016590604084351815
804,0.0008418473086055859,6.426315332867068e-06,0.0,0.0,2.1421051109556894e-06,3.213157666433534e-06,4.284210221911379e-06
805,0.0,2.6776313886946118e-05,1.2852630665734135e-05,1.0710525554778447e-05,0.0009178920400445129,2.6776313886946118e-05,4.391315477459163e-05
806,0.029739916307953314,0.004978252277861022,0.0020703445897386737,0.0029496787377859845,0.04565897044002052,0.0024923392965969446,0.002158170899287857
807,0.038707839354969305,6.212104821771499e-05,0.001969665649523756,0.00018314998698671145,0.09619872737535358,0.005021094380080136,0.002150673531399512
808,0.009346004599099672,9.10394672156168e-05,0.0001681552512100216,4.605525988554732e-05,0.013909759537990769,0.00279758927490813,0.0008654104648260986
809,0.013552027984461168,0.0026487129696967098,0.013002578023501035,0.0006179973245107164,0.026564245480961503,0.0012745525410186353,0.00041985260174731513
810,0.0018036525034246904,0.00024098682498251505,0.0015005446302244604,0.000310605241088575,0.004132120759033525,0.0016612025135461371,0.0007026104763934661
811,0.0017747340844267887,0.0005044657536300649,0.0011128236051414807,0.0003148894513104863,0.008397052034946303,0.0008546999392713201,0.002094978798514664
812,0.013014359601611292,0.012966162236614788,0.006669444262960539,0.015456359428100776,0.004819736499650301,0.01007324928426913,0.011563083388938812
813,0.004032512871374085,0.009615909843080089,0.011485967604944407,0.011313528143512474,0.011119667630970984,0.007522002097120903,0.029935918925605758
814,0.0028650655859032348,0.0037004865791759535,0.005202102261955892,0.005375612775943303,0.0039500418246022915,0.005541625922042368,0.00654948637674702
815,0.007785481025768453,0.010861543965100823,0.007498438940900391,0.012777656986850686,0.03014477417392394,0.00693720740183,0.030439313626680346
816,0.02356529832562354,0.019086156538615194,0.010520949252458868,0.022474966824147093,0.011107886052860727,0.0002559815607592049,0.019486730194363908
817,0.00405500497503912,0.0034498602811941378,0.006687652156403662,0.003146752407993908,0.02164168793598533,0.10249009008623043,0.027719911188322097
818,0.001469484106115603,0.0029614603158962405,0.0024816287710421664,0.005419525930717894,0.004129978653922569,0.11454585765068906,0.06022314308940825
819,6.212104821771499e-05,7.604473143892697e-05,0.0002420578775379929,0.00018743419720862283,0.0008879025684911333,0.0014191446360081442,0.0016387104098811024
820,0.001359165692901385,0.0016997604055433396,0.0018197182917568582,0.000406999971081581,0.0020853393255153637,0.013229641165262337,0.010740515026331826
821,0.007465236311680577,0.0018443525005328485,0.0016911919850995168,0.0016590604084351815,0.003213157666433534,0.011055404477642312,0.008495588870050265
822,0.004599099673221865,0.006019315361785487,0.0044395128424556665,0.006064299569115556,0.009199270398999208,0.003911483932605089,0.008556638865712502
823,0.007444886313126498,0.00430348916790998,0.001979305122523057,0.005596249602371739,0.008036107323750269,0.008919725682019491,0.006624460055630469
824,0.0004626947039664289,0.0012252841234666543,0.0005430236456272673,0.0014223577936745778,0.0014523472652279573,0.0015508841003319192,0.001143884129250338
825,3.1060524108857494e-05,1.1781578110256292e-05,1.0710525554778447e-05,1.6065788332167672e-05,1.1781578110256292e-05,3.427368177529103e-05,1.392368322121198e-05
826,0.00047340522952120736,0.0002559815607592049,4.712631244102517e-05,0.0005473078558491787,0.00041342628641444803,0.0005355262777389224,0.00015423156798880964
827,1.9278945998601205e-05,6.426315332867068e-06,1.1781578110256292e-05,1.1781578110256292e-05,2.0349998554079048e-05,2.6776313886946118e-05,8.568420443822758e-06
828,0.0005290999624060552,0.0002013578804298348,0.0006072867989559379,0.0010185709802594304,0.0005483789084046565,0.00013816577965664197,0.0003823657623055906
829,0.0001006789402149174,3.534473433076887e-05,6.640525843962637e-05,0.00010496315043682878,3.427368177529103e-05,0.0006490578486195739,0.0003545183958631666
830,0.0014716262112265586,0.00015744472565524316,0.0011353157088065155,0.0001006789402149174,0.0017918709253144341,0.0019771630174121014,0.0029710997888955414
831,0.0,0.0,0.0,0.0,0.0,0.0,0.0
832,0.0001820789344312336,4.819736499650301e-05,1.9278945998601205e-05,0.0001220999913244743,1.6065788332167672e-05,0.0,0.0006362052179538397
833,0.0010592709773675883,0.001476981474003948,0.0018122209238685132,0.0013827288491218975,0.0022856261533897204,0.0011578078124715502,0.0016419235675475359
834,0.0,0.0,0.0,0.0,0.0,0.0,0.0
835,0.0,0.0,0.0,0.0,0.0,0.0,0.0
836,0.0026251498134761972,0.004379533899348907,0.0025983734995892512,0.004165323388253338,0.0024141524600470618,0.0039468286669358576,0.002526612978372236
837,0.023338235183862237,0.00015744472565524316,0.0003866499725275019,0.0005623025916258685,2.6776313886946118e-05,3.7486839441724567e-05,5.890789055128146e-05
838,0.0015262498915559286,0.006544131113969631,0.0037069128945088205,0.006510928484749818,0.0029411103173421615,0.00438810231979273,0.0038161602551675606
839,0.0022567077343918188,0.0028736340063470573,0.0012295683336885656,0.0013880841118992866,0.002709762965358947,0.0008022183640529057,0.0035269760651885427
840,0.0018561340786431048,0.004071070763371288,0.0019268235473046426,0.004385960214681774,0.0019675235444128005,0.005480575926380131,0.0074727336795689225
841,0.016119340959941563,0.011765512321924123,0.007095723180040721,0.020689522214165527,0.03343611867690736,0.11290072092547508,0.020526722225732895
842,0.01277123067151782,0.018503503948435245,0.013371020102585413,0.026925190192157538,0.03378742391510409,0.11723955482771584,0.021948008966851992
843,0.005189249631290157,0.008907944103909235,0.0009211051977109464,0.02527469820416618,0.003152107670771297,0.005603746970260084,0.0014234288462300557
844,0.0014427077922286567,0.01765523032449679,0.0,0.0020028682787435696,0.0011085393949195692,0.007044312657377785,2.570526133146827e-05
845,0.004340976007351704,0.0037079839470642983,0.0009800130882622279,0.01078871239132833,0.00135166832501304,0.0,0.0
846,0.011455978133391026,0.008431325716721593,0.025963384997338433,0.03594238165672551,0.011664833381709207,0.0006115710091778493,0.0023049050993883217
847,0.001875413024641706,0.01456524370194321,0.00062121048217715,0.004185673386807417,0.0005826525901799475,5.462368032937008e-05,0.0005280289098505774
848,0.0011888683365804077,0.0054184548781624165,0.0012381367541323884,0.0062463785035467905,0.003005373470670832,0.008689449382591754,0.05830060375232552
849,0.002565170870369438,0.00323993398032048,0.0009393130911540697,0.0005130341740738876,0.0001606578833216767,0.0054248811934952835,0.011661620224042773
850,0.027837726969424662,0.06543060061414153,0.047736812397647536,0.0860119465202038,0.020622045903170422,0.0023477472016074355,0.044881386284743606
851,0.005929346947125348,0.0003063210308666636,0.0014244998987855335,0.0058940022127945794,0.001510184103223761,8.461315188274973e-05,0.0007358131056132793
852,0.024884835073972243,0.04122802601800868,0.028074429584185264,0.05143408581915706,0.009091094090895946,0.003366318181866866,0.04821343078483518
853,0.0057365574871393364,0.00017886577676480005,0.0004005736557487139,0.00417924707147455,0.00015208946287785394,0.000358802606085078,0.00016279998843263238
854,0.0028157971683512536,0.006944704769718345,0.0015765893616633874,0.00048304470252050793,0.0005108920689629319,0.002391660356382027,0.002088552483181797
855,0.0077779836578801085,0.022994427313553847,0.018412464481219627,0.025444995560487155,0.022940874685779957,0.0013634499031232963,0.00022920524687225876
856,0.017076861944538755,0.01993228805744269,0.02129788006567694,0.025574592919699976,0.015174672606010103,0.09974391133398525,0.019158988112387684
857,0.003428439230084581,0.004484497049785736,0.0061317758801106605,0.006914715298164965,0.005142123318849132,0.0035708892199631343,0.005268507520395518
858,0.0085373599197139,0.003041789257557079,0.0028050866427964754,0.0021431761635111674,0.00259408928936734,0.002546962976926315,0.003138183987550085
859,0.0021271103751789996,0.00013923683221211982,8.354209932727189e-05,0.00021635261620652464,0.00017565261909836653,0.0007454525786125799,0.001158878865027028
860,0.0009757288780403165,4.605525988554732e-05,6.854736355058206e-05,4.391315477459163e-05,1.9278945998601205e-05,1.6065788332167672e-05,0.0009832262459286614
861,0.003103910305774794,0.00031810260897691985,0.0001895763023195785,0.00026026577098111627,0.0,0.0,0.00023456050964964798
862,0.0004584104937445175,0.0,0.0,0.0,0.0,0.0,0.0
863,0.0027836655916869185,0.0004594815462999954,0.0001938605125414899,0.0024869840338195555,0.0022995498366109326,0.001890407760418396,0.0003405947126419546
864,0.013003649076056513,0.004780107555097621,0.003910412880049611,0.011386359717284966,0.004554115465891796,0.004428802316900887,0.003656573424401362
865,3.213157666433534e-06,0.00012317104387995215,0.0,1.0710525554778447e-06,5.355262777389224e-06,1.392368322121198e-05,3.213157666433534e-06
866,0.002075699852516063,3.213157666433534e-06,0.0013056130651274928,1.4994735776689825e-05,3.213157666433534e-06,0.0,0.0
867,9.318157232657249e-05,0.0005912210106237703,0.0004937552280752864,6.212104821771499e-05,1.2852630665734135e-05,1.6065788332167672e-05,1.0710525554778447e-06
868,0.0002806157695351953,0.0,0.0012638420154638568,0.0001917184074305342,0.00046376575652190674,0.0005387394354053559,0.00016279998843263238
869,0.0013002578023501034,0.003827941833277817,0.012591293842197543,0.005024307537746569,0.0010603420299230663,0.0016986893529878618,0.0018272156596452031
870,0.0019364630203039432,0.0007283157377249344,0.0033149076592039295,0.004997531223859623,0.0037004865791759535,0.002662636652917922,0.004271357591245644
871,0.0035698181674076565,0.0037733181529484468,0.0015615946258866976,0.00288220242679088,0.00343379449286197,0.002779381381465007,0.001138528866472949
872,0.0030503576780009016,0.001359165692901385,0.001372018323567119,0.0012456341220207334,0.000565515749292302,0.0006479867960640961,0.0020457103809626833
873,0.00018636314465314498,0.00022492103665034739,0.00020457103809626834,1.7136840887645515e-05,2.2492103665034738e-05,5.676578544032577e-05,5.676578544032577e-05
874,0.0,0.0,0.0,0.0,0.0,0.0,0.0
875,0.010595922931342318,0.0004027157608596696,0.0003073920834221414,0.0025351813988160584,0.0014116472681197994,0.0019718077546347123,0.0013131104330158375
876,0.005201031209400414,0.002745107699689716,0.0004059289185261031,0.0006319210077319284,0.000620139429621672,0.0026497840222521876,0.00464622598566289
877,3.213157666433534e-06,6.426315332867068e-06,3.213157666433534e-06,1.0710525554778447e-06,5.355262777389224e-06,0.0,2.1421051109556894e-06
878,0.0,0.0,0.0,0.0,0.0,0.0,0.0
879,0.003965036560378981,0.0009693025627074494,0.002676560336139134,0.0014726972637820364,0.003989670769154971,0.001420215688563622,0.0012017209672461418
880,0.005405602247496682,0.0026165813930323746,0.004893639125978272,0.00010924736065874016,0.000896470988934956,0.0017768761895377444,0.003035362942224212
881,0.0,0.0,0.0,0.0,0.0,0.0,0.0
882,0.0072852994823602996,0.0002859710323125845,0.0017758051369822666,0.0009693025627074494,0.002572668238257783,0.0017383182975405419,0.001489834104669682
883,0.014876919995587263,0.004128907601367091,0.0033481102884237424,0.0022063682642843602,0.0015230367338894951,0.007978270485754465,0.022623843129358515
884,0.026201158664654514,0.00022277893153939169,0.0011406709715839046,3.427368177529103e-05,3.7486839441724567e-05,0.0017575972435391431,0.002766528750799273
885,0.0003384526075309989,2.570526133146827e-05,0.0001917184074305342,0.00011781578110256292,0.00014566314754498687,0.006049304833338867,0.022239335261941967
886,0.009432759856093377,0.0027890208544643076,0.0025694550805913496,0.001668699881434482,0.004933268070530953,0.003758323417171757,0.0027965182223526524
887,0.002994662945116054,0.009548433532084986,0.006343844286095274,0.001510184103223761,0.0011974367570242303,0.006945775822273823,0.013272483267481452
888,0.01010752296604442,2.2492103665034738e-05,1.9278945998601205e-05,2.2492103665034738e-05,8.568420443822758e-06,0.002111044586846832,0.014994735776689826
889,0.003901844459605788,0.0018796972348636175,0.001146026234361294,0.00012638420154638568,0.0005119631215184097,0.007689086295775447,0.002015720909409304
890,0.013578804298348115,9.532367743752817e-05,5.03394701074587e-05,4.4984207330069476e-05,0.0,0.0004905420704088529,0.0003812947097501127
891,0.01823788291467674,0.006318139024763806,0.013155738538934366,0.003146752407993908,0.0052706496255064735,0.007738354713327428,0.002901481372789481
892,0.010568075564899894,0.006793686359395969,0.01541030416821523,0.0014726972637820364,0.0038739970931633643,0.0054752206636027425,0.0012145735979118759
893,0.005402389089830249,0.00620674955899411,0.015724122566970238,0.0022631340497246857,7.390262632797128e-05,0.0007443815260571021,0.0008525578341603644
894,0.06788545307129676,0.00805538626974887,0.007071088971264731,9.639472999300602e-06,4.284210221911379e-06,0.0029132629508997377,0.003992883926821405
895,0.0,0.029903787348941425,0.049556530689404396,0.0,0.0,0.003718694472619077,0.005202102261955892
896,0.03822907886267071,0.005364902250388524,0.009095378301117858,0.005285644361283164,0.004504847048339815,0.004765112819320931,0.0013634499031232963
897,0.012408143855210831,0.011823349159919928,0.01232888596610547,0.0025287550834831914,0.0021742366876200247,0.003772247100392969,0.00834778361739432
898,0.008013615220085235,0.001144955181805816,0.0018497077633102378,7.497367888344913e-05,0.0001553026205442875,0.0004166394440808816,0.0005826525901799475
899,0.0004316341798575714,0.020118651202095834,0.0006683367946181751,0.0023006208891664104,0.0037883128887251367,0.0020971209036256197,0.0006083578515114158
900,0.009440257223981723,0.00783689154843139,0.0011620920226934615,0.00511856016262862,0.005479504873824654,0.006397396913869167,0.007437388945238154
901,0.0026572813901405328,0.001875413024641706,0.0007433104735016243,0.0005997894310675931,0.0009992920342608291,0.003007515575781788,0.028645300596254957
902,0.0076473152461118115,0.005751552222916026,0.004013233925375484,0.002308118257054755,0.001792941977869912,0.0031885234576575438,0.03604627375460686
903,0.00047126312441025166,0.000585865747846381,9.853683510396171e-05,0.0007411683683906685,0.00020457103809626834,5.676578544032577e-05,0.0007540209990564027
904,0.0006297789026209726,0.00018636314465314498,5.03394701074587e-05,1.9278945998601205e-05,3.6415786886246717e-05,0.00029346840020092943,0.000268834191424939
905,0.00014994735776689827,0.0,0.0,0.0,0.0,0.0,0.0
906,0.0,0.0,0.0,0.0,0.0008568420443822758,0.001427713056451967,0.0
907,0.00027418945420232824,0.0001820789344312336,0.0004027157608596696,0.0011535236022496387,8.889736210466112e-05,0.000986439403595095,0.0021206840598461327
908,0.0023638129899396032,0.0019236103896382091,0.0031917366153239772,0.0014116472681197994,0.005658370650589453,0.010289601900475655,0.011608067596268881
909,8.782630954918327e-05,2.1421051109556894e-06,8.139999421631619e-05,1.392368322121198e-05,4.605525988554732e-05,0.00025705261331468275,0.0002645499812030276
910,0.00014673420010046472,0.00037058418419533425,0.0003909341827494133,3.855789199720241e-05,0.0013430999045692172,0.0005162473317403211,0.003166031353992509
911,0.0,7.068946866153775e-05,0.00011781578110256292,0.0001702973563209773,0.0,0.0,0.006322423234985717
912,0.002881131374235402,0.007244599485252141,0.00490006544131114,0.0053209890956139325,0.0013334604315699166,0.0001006789402149174,0.032929510818166335
913,0.0009393130911540697,0.0036073050068493808,0.004515557573894593,0.0021056893240694427,0.0021346077430673444,0.0036919181587321305,0.001867915656753361
914,0.002094978798514664,0.004970754909972677,0.0016601314609906593,0.003483062910413951,0.002053207748851028,0.004954689121640509,0.01733284350529796
915,0.0016312130419927574,0.005233162786064749,0.005061794377188294,0.005627310126480596,0.001695476195321428,0.0005633736441813463,0.007562702094229061
916,0.005046799641411604,0.029018026885561245,0.00817427310340691,0.013691264816673288,0.033827052859656766,0.1238350964643484,0.033828123912212245
917,0.0078047599717670545,0.016754475125339924,0.013802654282442985,0.009290309866214826,0.0038675707778304974,0.04899101494011209,0.008669099384037674
918,0.012815143826292412,0.027016229659373156,0.013505972724575621,0.02250174313803404,0.011098246579861427,0.043305867975635695,0.019735214387234766
919,0.006467015329975226,0.03283740029839524,0.05222773576276614,0.00032238681919883125,0.02672490336428318,0.0038643576201640635,0.0012799078037960244
920,0.02214829579472635,0.018270014491341073,0.022020840540624486,0.048632212334027015,0.005808318008356352,0.05716957225374092,0.024402861424007213
921,0.021809843187195352,0.007644102088445378,0.07783767341679688,0.02001154594654805,0.0014030788476759766,0.0006115710091778493,0.00429813390513259
922,0.050252714850464994,0.06526565852059794,0.024607432462103482,0.04082531025714901,0.03816909991956395,0.014767672634928522,0.015321406806110568
923,0.0357495921967395,0.018937280233403773,0.047706822926094156,0.05295283834282464,0.011447409712947203,0.01266198331085908,0.010944015011872617
924,0.005126057530516964,0.05317668832691951,7.497367888344913e-05,9.746578254848386e-05,0.0,0.0,0.00016172893587715456
925,0.06414533754756811,0.1262192594528421,0.0009971499291498735,0.06877442669234336,0.005898286423016491,0.0010496315043682879,0.0008975420414904339
926,0.035957376392502204,0.27023084395728214,0.0009136078298226016,0.00021421051109556894,0.0009628762473745824,0.0,1.0710525554778447e-06
927,0.04008949715153573,0.06773015045075247,0.05859407215252645,0.077203610303954,0.024919108755747536,0.006168191666996907,0.013598083244346717
928,0.004370965478905084,0.021156501128353867,0.04671931246994358,0.006907217930276621,0.01116679394341201,0.011000780797312943,0.012084685983456522
929,0.013684838501340422,0.02372488515638974,0.008574846759155624,0.012357804385103373,0.0060514469384498224,0.002406655092158717,0.0025330392937051027
930,0.0008236394151624626,0.004663362826550535,0.0013013288549055813,0.0003138183987550085,0.000441273652856872,0.002420578775379929,0.00024312893009347075
931,0.0027258287536911147,0.007767273132325329,0.001993228805744269,0.011696964958373543,0.0015851577821072102,0.005265294362729085,0.012733743832076096
932,0.005328486463502278,0.0039232655107153454,0.05145657792282209,0.02493624559663518,0.03694060263843087,0.002187089318285759,0.011467759711501282
933,0.03284596871883906,0.04936481228197386,0.00609750219833537,0.01917184074305342,0.0017779472420932222,0.0024923392965969446,0.0010646262401449776
934,0.007125712651594101,0.020840540624487904,0.10182282434416774,0.06544131113969631,0.059213140529592645,0.002297407731499977,0.009628762473745825
935,0.015686635727528514,0.0113799334019521,0.036597865820677956,0.023548161484735892,0.016396743571810323,0.0029571761056743293,0.0069768363463826805
936,0.013176088537488445,0.015522764686540402,0.007859383652096425,0.004729768084990162,0.009579494056193842,0.0044662891563426125,0.006546273219080587
937,0.0045134154687836376,0.002034999855407905,0.0011106815000305249,0.0013773735863445082,6.319210077319284e-05,2.3563156220512585e-05,1.8207893443123358e-05
938,0.0018357840800890257,0.0006651236369517416,0.002676560336139134,0.0060246706245628764,0.012599862262641365,0.004632302302441678,0.0030910576751090597
939,0.005405602247496682,0.013062556966607793,0.002000726173632614,0.004639799670330023,0.0073356389524677585,0.03356892919378661,0.022477108929258048
940,0.006838670566726038,0.005020023327524658,0.002537323503927014,0.006823675830949349,0.006541989008858676,0.03954218929568655,0.0884046779291413
941,0.00424886548758061,0.0018314998698671144,0.0021753077401755025,0.003282776082539594,0.003585883955739824,0.0008322078356062853,0.001806865661091124
942,0.00022920524687225876,0.00044877102074521695,0.00023777366731608153,0.00013281051687925275,0.0014855498944477707,0.0018218603968678138,0.0018143630289794688
943,0.00257909455359065,0.0010528446620347214,0.0010914025540319236,0.002116399849624221,0.0011963657044687524,0.002979668209339364,0.0009039683568233009
944,0.0003759394469727235,0.000613713114288805,0.0004958973331862421,0.00030310787320023006,0.00027418945420232824,0.0005826525901799475,2.3563156220512585e-05
945,0.0,0.0,0.0,0.0,0.0,0.0,0.0
946,0.0,0.0,1.0710525554778447e-06,0.0,0.0,5.141052266293654e-05,0.0
947,0.0,0.0,0.0,0.0,0.0,0.08025182587684394,0.09140041192681284
948,0.001373089376122597,0.0014598446331163023,0.0014566314754498688,0.0014866209470032485,0.0014598446331163023,0.04215662858360797,0.0019278945998601204
949,0.004014304977930962,0.004159968125475949,0.0037497549967279342,0.004095704972147278,0.004035726029040519,0.1220560781696997,0.09033043042389047
950,0.0006640525843962637,0.002496623506818856,0.00270333665002608,0.001240278859243344,0.001096757816809313,0.0017415314552069756,0.00040164470830419177
951,0.0024580656148216534,0.01010323875582251,0.007531641570120204,0.0026508550748076654,0.004706204928769649,0.08864780685923478,0.005556620657819058
952,0.000820426257496029,0.0013613077980123406,0.002289910363611632,0.0009189630925999908,0.0013120393804603597,0.0005697999595142134,0.0002559815607592049
953,0.0032270813496547463,0.0036169444798486816,0.005491286451934909,0.003370602392088777,0.0037733181529484468,0.06615141898397812,0.062035364013276764
954,0.004761899661654498,0.005069291745076639,0.002130323532845433,0.006108212723890148,0.004224231278804619,0.02358350621906666,0.011189286047077043
955,0.005564118025707403,0.004814381236872912,0.006700504787069396,0.008473096766385229,0.010902243962208982,0.007196402120255638,0.01669663828734412
956,0.002943252422453117,0.0027579603303554503,0.003662999739734229,0.010122517701821111,0.0045466180980034505,0.0025298261360386693,0.002421649827935407
957,0.004816523341983868,0.0038857786712736203,0.05759049590804371,0.021938369493852694,0.039280852472149956,0.0008150709947186398,0.0028425734822381996
958,0.003366318181866866,0.005176397000624423,0.005280289098505774,0.003730476050729333,0.0009746578254848387,0.0041042733925911005,0.010661257137226467
959,0.0031328287247726957,0.005930417999680826,0.00490970491431044,0.02384805620026969,0.011153941312746274,0.0045134154687836376,0.015339614699553692
960,0.026637077054733997,0.09876925350850041,0.02272452206957343,0.08573240180322408,0.00323993398032048,0.002428076143268274,0.0027526050675780608
961,0.025320753464051726,0.10071214284413721,0.02590661921189811,0.07992408379486772,0.012693043834967938,0.05279860677483583,0.06751701099221237
962,0.01324356484848355,0.010173928224484046,0.0014105762155643214,0.012439204379319689,0.004860436496758459,0.0003598736586405558,0.0015819446244407767
963,0.0017672367165384438,0.0046944233506593935,0.010057183495936962,0.004223160226249142,0.0017972261880918234,0.005929346947125348,0.009072886197452822
964,0.00047126312441025166,0.03927442615681709,0.00027526050675780606,0.0,0.0002666920863139833,0.046162365141095105,0.04905956230366268
965,0.030121211017703427,0.008832970425025784,0.023354300972194403,0.04522198099738556,0.015274280493669544,0.0037069128945088205,0.007050738972710652
966,0.006971481083605291,0.00677333636084189,0.0004327052324130493,0.0031692445116589425,0.007195331067700161,0.0004766183871876409,0.00748879946790109
967,0.010711596607333925,0.009319228285212727,0.017921922410810774,0.0037551102595053234,0.01064947555911621,0.048803580742903474,0.05181216737124074
968,0.020210761721866928,0.05594214602516331,0.000406999971081581,0.04033155502907372,0.004075354973593199,0.008362778353171011,0.006066441674226512
969,0.0016783393544337827,0.019508151245473462,0.0010914025540319236,0.000806502574274817,0.0018593472363095385,0.0006490578486195739,0.0007497367888344913
970,0.0019182551268608198,0.0007486657362790135,0.0027429655945787603,0.004742620715655896,0.004872218074868716,0.003598736586405558,0.005513778555599944
971,0.002220291947505572,0.00346378396441535,0.004637657565219068,0.005434520666494584,0.0075701994621174065,0.0038718549880524086,0.0055116364504889884
972,0.004630160197330722,0.006130704827555183,0.011039338689310145,0.0021399630058447335,0.015061141035129452,0.009935083504612488,0.017220382986972788
973,0.002994662945116054,0.012036488618460019,0.004141760232032826,0.010344225580805024,0.008169988893185,0.03400806074153252,0.03421477388473975
974,0.005071433850187595,0.01571662519908189,0.0022567077343918188,0.005581254866595049,0.006281723237877559,0.022075464220953855,0.02172094582509069
975,0.007655883666555634,0.007560559989118106,0.00020242893298531264,0.0014319972666738782,0.0019407472305258545,0.007993265221531156,0.01068910450366889
976,0.001627999884326324,0.02090480377781657,3.1060524108857494e-05,2.1421051109556894e-06,0.0,0.0,0.00011460262343612938
977,0.0035130523819673306,0.016246796214043426,3.534473433076887e-05,0.005541625922042368,0.05778221431547424,0.00019921577531887912,0.0011867262314694518
978,0.003578386587851479,0.0011835130738030184,0.02396801408648321,0.013083978017717351,0.015924409394844595,0.0020939077459591862,0.024015140398924235
979,0.00688258372150063,0.006505573221972429,0.03336221605057938,0.02461278772488087,0.08000548378908404,0.003530189222854976,0.028975184783342132
980,0.00736455737146566,0.007355988951021838,0.03879138145429658,0.03703271315820196,0.08355816511560406,0.0025448208718153588,0.0334339765717964
981,0.006429528490533501,0.0016226446215489346,0.013585230613680981,0.004818665447094824,0.004092491814480845,0.020450677494293967,0.007243528432696664
982,0.008119649423077541,0.016694496182233166,0.002005010383854525,0.022925879950003267,0.0025030498221517232,0.0058136732711337406,0.0022513524716144297
983,0.01604115412339168,0.02592589815789671,0.023027629942773662,0.021531369522771113,0.021044040610028694,0.014131467416974682,0.016132193590607295
984,0.003765820785060102,0.001889336707862918,0.006213175874326977,0.002270631417613031,0.004058218132705554,0.0014930472623361155,0.0013227499060151381
985,0.004159968125475949,0.003021439259003,0.024214356174243112,0.003266710294207426,0.0031081945159967053,0.013445993781468862,0.0035890971134062578
986,0.011748375481036478,0.017306067191411013,0.007455596838681277,0.007033602131823006,0.02395301935070652,0.018364267116223125,0.026433577069193206
987,0.014157172678306152,0.012397433329656052,0.003178883984658243,0.006751915309732333,0.009669462470853983,0.006747631099510421,0.011764441269368646
988,0.011386359717284966,0.011074683423640914,0.015339614699553692,0.010266038744255142,0.007609828406670086,0.010030407182050016,0.009495951956866571
989,0.0042349418043593975,0.013178230642599402,0.04060681553583152,0.007112860020928366,0.022005845804847796,0.02465455877454451,0.019284301261378593
990,0.009793704567289412,0.014020077951204987,0.043310152185857605,0.013646280609343218,0.005070362797632117,0.04135441021955506,0.04226908910193314
991,0.001516610418556628,0.002641215601808365,0.007278873167027433,0.004503775995784337,0.0013152525381267934,0.0005430236456272673,0.0011738736008037177
992,0.0009146788823780794,0.0052674364678400405,0.014502051601170017,0.012866554348955348,0.007068946866153775,0.0035184076447447197,0.005676578544032577
993,0.0012724104359076794,0.008120720475633019,0.032447537168201306,0.002328468255608834,0.0099490071878337,0.007203899488143983,0.010458828204241153
994,0.0017854446099815672,0.0012863341191288915,0.0017790182946487,0.0035334023805214097,0.00015208946287785394,0.0009982209817053513,0.001289547276795325
995,0.002359528779717692,0.0021849472131748033,0.014986167356246003,0.0028179392734622092,0.020932651144258997,0.012465980693206634,0.00980977035562158
996,0.001979305122523057,0.011815851792031583,0.012886904347509427,0.0074459573656819765,0.011518099181608742,0.007520931044565426,0.0067187126805125195
997,0.0034445050184167486,0.018064372400689328,0.015388883117105673,0.003933976036270124,0.007340994215245147,0.018236811862121262,0.00855770991826798
998,0.0037486839441724564,0.00455197336078084,0.00536704435549948,0.007522002097120903,0.00688258372150063,0.015352467330219426,0.004671931246994359
999,0.0047511891360997194,0.0031553208284377304,0.008554496760601545,0.004710489138991561,0.022258614207940567,0.009682315101519717,0.006181044297662642
1000,0.004113912865590401,0.011387430769840445,0.0016419235675475359,0.002062847221850329,0.006969338978494335,0.007905438911981972,0.005452728559937708
1001,0.008670170436593154,0.008186054681517167,0.010086101914934864,0.003428439230084581,0.02397658250692703,0.014707693691821764,0.011957230729354658
1002,0.0022235051051720054,0.0016472788303249252,0.0003802236571946349,3.534473433076887e-05,0.0022802708906123313,0.0016462077777694474,0.00011138946576969584
1003,0.0038879207763845764,0.0022995498366109326,4.605525988554732e-05,0.0010539157145901992,0.0019546709137470667,2.784736644242396e-05,0.006778691623619279
1004,0.011995788621351861,0.0052235233130654484,0.0008675525699370542,0.012013996514794983,0.00571942064625169,0.006158552193997607,0.002283484048278765
1005,0.002543749819259881,0.010143938752930667,0.0010367788737025536,0.00653984690374772,0.001751170928206276,0.0012799078037960244,0.0009596630897081488
1006,0.00237023930527247,0.009033257252900143,1.0710525554778447e-06,0.0005644446967368242,0.0003759394469727235,0.0021849472131748033,0.001398794637454065
1007,0.007524144202231859,0.006555912692079887,0.005614457495814862,0.0026583524426960106,0.005060723324632816,0.03508982382256515,0.006592328478966134
1008,0.0008696946750480099,0.027399666474234224,0.0031071234634412275,0.014930472623361155,0.004946120701196687,0.003255999768652648,0.01258272542175372
1009,0.0031264024094398287,0.006297789026209727,0.008152852052297354,0.00824389151951297,0.00689222319449993,0.03180918984513651,0.00354304185352071
1010,0.005168899632736078,0.027612805932774313,0.012748738567852785,0.02352138517084895,0.007686944190664491,0.02477237455564707,0.004903278598977573
1011,0.0031435392503274743,0.0012584867526864675,0.0011749446533591956,0.0011267472883626927,0.0035687471148521787,0.001516610418556628,0.006759412677620678
1012,0.0006362052179538397,0.01476445947726209,0.0,0.0,0.0,0.005740841697361248,0.0
1013,0.0009489525641533704,0.006693007419181052,0.0032988418708717617,0.005844733795242599,0.005293141729171508,0.0019664524918573227,0.0067679810980645
1014,0.0008332788881617632,0.03683135527777212,0.0009853683510396172,0.002000726173632614,0.0,0.004530552309671283,0.0018454235530883263
1015,0.00021635261620652464,0.00032881313453169835,0.0005687289069587356,0.002131394585400911,0.002986094524672231,0.0034187997570852805,0.002443070879044964
1016,0.00014673420010046472,0.026076916568219085,0.00016708419865454378,0.0010121446649265632,0.003849362884387374,0.00041556839152540373,0.00122742622857761
1017,0.0004766183871876409,0.00037272628930628995,0.004473786524230958,0.0007358131056132793,0.0006372762705093176,0.00393076287860369,0.0025137603477065015
1018,0.004701920718547738,0.01852171184187837,0.00026990524398041684,1.7136840887645515e-05,0.0006908288982832099,0.0,0.001482336736781337
1019,1.4994735776689825e-05,0.0007433104735016243,0.0,0.0006062157464004601,0.0005023236485191091,0.0,0.006806538990061703
1020,0.0002902552425344959,8.568420443822758e-06,6.854736355058206e-05,1.2852630665734135e-05,0.0,0.0005162473317403211,0.003048215572889946
1021,0.0013281051687925275,0.010000417710496637,0.0008322078356062853,0.0009425262488205033,0.0045905312527780425,0.007897941544093626,0.0
1022,0.0021292524802899553,0.003246360295653347,0.005096068058963585,0.002504120874707201,0.001985731437855924,0.0033224050270922742,2.1421051109556894e-06
1023,0.0004091420761925367,0.001999655121077136,0.0004926841755198086,0.0010785499233661895,0.004387031267237252,0.0021474603737330787,0.0013430999045692172
1024,7.17605212170156e-05,0.0,0.0,3.213157666433534e-06,0.000916820987489035,1.0710525554778447e-06,0.0005408815405163116
1025,6.747631099510421e-05,0.0006951131085051213,0.0,2.4634208775990428e-05,0.0029989471553379652,0.0017779472420932222,0.0
1026,0.007068946866153775,0.0019557419663025445,0.0010871183438100123,0.004684783877660093,8.354209932727189e-05,3.213157666433534e-06,0.0027161892806918143
1027,0.0013002578023501034,0.00032024471408787555,0.002316686677498578,0.0014459209498950904,2.0349998554079048e-05,0.0030589260984447246,0.003074991886776892
1028,0.0030974839904419267,0.002605870867477596,1.4994735776689825e-05,0.0003620157637515115,9.639472999300602e-06,4.284210221911379e-06,0.0
1029,1.0710525554778447e-06,1.392368322121198e-05,0.00013066841176829705,4.284210221911379e-06,1.6065788332167672e-05,0.005649802230145631,0.000282757874646151
1030,0.00015744472565524316,2.1421051109556894e-06,3.213157666433534e-06,1.4994735776689825e-05,3.213157666433534e-06,1.6065788332167672e-05,0.0011492393920277274
1031,2.1421051109556894e-06,1.0710525554778447e-05,0.0,4.284210221911379e-06,0.003068565571444025,0.0,0.003962894455268025
1032,0.0005751552222916026,0.0,3.213157666433534e-06,0.0011685183380263286,0.0012199288606892652,2.3563156220512585e-05,0.006456304804420448
1033,0.0006769052150619978,0.00291219189834426,9.318157232657249e-05,0.0038054497296127823,0.00474583387332233,0.002219220894950094,0.0006383473230647954
1034,0.0017265367194302856,0.0035826707980733904,0.0030225103115584778,0.0003759394469727235,0.007257452115917875,0.006328849550318584,0.0020307156451859934
1035,0.001344170957124695,0.004276712854023034,0.0024441419316004417,0.005410957510274071,0.0014298551615629226,0.0017286788245412413,0.005952910103345861
1036,0.004813310184317434,0.004903278598977573,0.006901862667499231,0.015928693605066505,0.013246778006149984,0.013155738538934366,0.0021174709021796988
1037,0.004143902337143781,0.004520912836671983,0.0025544603448146596,0.004779036502542143,0.008191409944294556,0.0026637077054733997,0.0003802236571946349
1038,0.012911538556285417,0.005195675946623024,0.005695857490031178,0.0031478234605493856,0.00011674472854708507,0.0073045784283589,0.010557365039345115
1039,0.0025973024470337734,0.002338107728608135,0.005107849637073841,0.007498438940900391,0.001710470931098118,0.03981852085499983,0.014683059483045774
1040,0.004087136551703455,0.004169607598475249,0.007934357330979873,0.008469883608718795,0.002158170899287857,0.0,0.0027065498076925135
1041,0.012702683307967238,0.006298860078765204,0.019934430162553647,0.004035726029040519,0.007922575752869617,0.014506335811391928,0.008524507289048166
1042,0.0067958284645069245,0.007686944190664491,0.006244236398435835,0.0022010130015069707,0.006823675830949349,0.027378245423124666,0.006114639039223015
1043,0.00270333665002608,0.0030375050473351677,0.011448480765502683,0.005198889104289458,0.004891497020867316,0.003443433965861271,0.00129704464468367
1044,0.004066786553149376,0.0029571761056743293,0.003772247100392969,0.01490798051969612,0.0011524525496941608,0.012269978075554189,0.008321007303507376
1045,0.00313068661966174,0.0040239444509302625,0.0025683840280358717,0.002046781433518161,0.0010046472970382182,0.00789151522876076,0.00484544176098177
1046,0.0019386051254148989,0.005081073323186895,0.01755133822661544,0.01538995416966115,0.009111444089450025,0.01036136242169267,0.011070399213419003
1047,0.0026958392821377353,0.004830447025205079,0.011605925491157925,0.005578041708928615,0.009685528259186149,0.005056439114410905,0.00670907320751322
1048,0.0007550920516118805,0.00034166576519743244,0.001268126225685768,0.0007679446822776146,0.001193152546802319,0.004545547045447973,0.0026380024441419315
1049,0.0014726972637820364,0.0011160367628079142,0.009493809851755615,0.001185655178913974,0.0016976183004323837,0.006292433763432337,0.003947899719491336
1050,0.0009767999305957944,0.0016804814595447384,0.002207439316839838,0.004363468111016739,0.005556620657819058,1.1781578110256292e-05,0.002309189309610233
1051,0.0015776604142188652,0.0008771920429363548,0.001365592008234252,3.427368177529103e-05,0.0010924736065874017,0.00037058418419533425,0.0014566314754498688
1052,0.0040807102363705884,0.002173165635064547,0.0025769524484796943,0.002578023501035172,0.0031703155642144203,0.0028929129523456586,0.0007711578399440482
1053,0.0035130523819673306,0.002515902452817457,5.569473288484792e-05,0.00016494209354358808,0.0,0.0,4.284210221911379e-06
1054,0.006441310068643758,4.4984207330069476e-05,0.0003662999739734229,0.00039950260319323607,0.0,3.213157666433534e-06,3.213157666433534e-06
1055,1.0710525554778447e-06,0.0,0.0,0.0,0.0,5.355262777389224e-06,5.355262777389224e-06
1056,0.004760828609099019,4.1771049663635946e-05,0.00010603420299230662,0.0002441999826489486,0.0003116762936440528,0.0011031841321421801,0.002145318268622123
1057,0.00016279998843263238,0.00039736049808228037,0.002248139313947996,0.0005130341740738876,0.000489471017853375,1.392368322121198e-05,2.1421051109556894e-06
1058,0.0041010602349246675,0.000172439461431933,0.000358802606085078,0.0006179973245107164,0.0012295683336885656,0.0025566024499256153,0.005054297009299949
1059,0.0,0.00012852630665734138,1.4994735776689825e-05,7.497367888344913e-05,0.0006629815318407859,0.0015198235762230617,3.213157666433534e-06
1060,0.0037679628901710577,0.002801873485130042,0.0018250735545342473,0.002358457727162214,0.004560541781224663,0.008151780999741875,0.008250317834845838
1061,0.0001681552512100216,1.9278945998601205e-05,9.639472999300602e-06,3.2131576664335344e-05,1.0710525554778447e-05,9.425262488205034e-05,1.1781578110256292e-05
1062,0.001826144607089725,0.00029989471553379653,0.0008247104677179404,0.0013002578023501034,0.003270994504429338,0.00257909455359065,0.003636223425847283
1063,3.213157666433534e-06,1.0710525554778447e-05,1.392368322121198e-05,1.0710525554778447e-05,1.392368322121198e-05,6.533420588414852e-05,9.639472999300602e-06
1064,0.002308118257054755,0.002453781404599742,0.0027547471726890164,0.0013066841176829706,0.0011749446533591956,0.0029250445290099937,0.004141760232032826
1065,0.00046912101929929596,0.00025169735053729353,0.0001917184074305342,0.0002945394527564073,0.00025491050820372705,7.497367888344913e-05,0.00013066841176829705
1066,0.0012509893847981225,0.0018861235501964845,0.0025501761345927483,0.0019075446013060414,0.002563028765258482,0.0019760919648566235,0.0034798497527475172
1067,1.392368322121198e-05,0.0,0.0,0.00025276840309277135,0.0,0.0,0.0
1068,0.0022470682613925184,0.0016387104098811024,0.00032667102942074265,0.00012102893876899645,0.0003095341885330971,0.0005183894368512768,0.0
1069,0.0005248157521841439,1.0710525554778447e-06,1.0710525554778447e-06,5.355262777389224e-06,1.7136840887645515e-05,3.6415786886246717e-05,6.426315332867068e-06
1070,0.0,1.0710525554778447e-06,2.1421051109556894e-06,1.6065788332167672e-05,1.0710525554778447e-06,1.0710525554778447e-06,1.0710525554778447e-06
1071,0.0005344552251834445,0.000441273652856872,0.001677268301878305,0.0017554551384281875,0.0015273209441114064,0.002266347207391119,0.0019332498626375098
1072,0.0012092183351344868,0.0004584104937445175,0.0021977998438405372,0.0015123262083347167,0.0014234288462300557,0.00048732891274241933,0.0010292815058142088
1073,0.004485568102341213,0.0032988418708717617,0.002606941920033074,0.0033748866023106884,0.006357767969316486,0.0035912392185172134,0.0034873471206358624
1074,0.006445594278865669,0.0038108049923901714,0.013225356955040426,0.015492775214987023,0.01211039124478799,0.009033257252900143,0.012396362277100574
1075,0.00029132629508997373,0.00014994735776689827,0.0005216025945177104,0.00041985260174731513,0.0002013578804298348,0.0002420578775379929,0.0002881131374235402
1076,0.0020232182772976486,0.001289547276795325,0.0016504919879913587,0.0030107287334482213,0.001765094611427488,0.0033556076563120876,0.0009478815115978925
1077,0.0,1.1781578110256292e-05,0.0,0.0,0.0,0.0,0.0
1078,0.0009457394064869369,0.0005580183814039571,0.00027847366442423964,0.0008022183640529057,0.0008782630954918327,0.0003063210308666636,0.00047340522952120736
1079,0.001378444638899986,0.0006929710033941655,0.0009414551962650255,0.00035558944841864446,0.0006222815347326278,0.0008472025713829751,0.0011267472883626927
1080,0.004419162843901587,0.005335983831390622,0.0014866209470032485,0.003248502400764303,0.003400591863642157,0.004163181283142382,0.003844007621609985
1081,0.0002731184016468504,0.00028382892720162886,0.00027204734909137254,0.00040164470830419177,0.00021956577387295816,0.0005141052266293655,0.00010496315043682878
1082,0.0026433577069193206,0.0026326471813645424,0.0026283629711426307,0.0039468286669358576,0.004106415497702056,0.0024644919301545208,0.002689412966804868
1083,0.0023755945680498597,0.0023413208862745685,0.00661910479285308,0.004599099673221865,0.0014020077951204988,0.0015755183091079096,0.0029571761056743293
1084,0.0023938024614929827,0.0007561631041673584,0.002799731380019086,0.004952547016529554,0.0034102313366414574,0.0014170025308971885,0.0012563446475755118
1085,0.0007668736297221368,0.0006383473230647954,0.000344878922863866,0.00032452892430978695,0.0008782630954918327,9.960788765943956e-05,5.248157521841439e-05
1086,0.001614076201105112,0.0008804052006027883,0.0038322260434997283,0.0011192499204743477,0.006511999537305296,0.0018979051283067407,0.001744744612873409
1087,0.0028532840077929783,0.004286352327022335,0.018786261823081397,0.003709054999619776,0.0016922630376549946,0.005906854843460313,0.00745880999634771
1088,0.004242439172247743,0.0018057946085356462,0.0023413208862745685,0.0027965182223526524,0.006269941659767303,0.0008600552020487093,0.0016429946201030137
1089,0.004226373383915575,0.0031553208284377304,0.0031210471466624396,0.001627999884326324,0.0065344916409703305,0.0003855789199720241,0.0014544893703389132
1090,0.0006383473230647954,0.001146026234361294,0.0006983262661715547,0.0022534945767253853,0.0019257524947491648,0.0013837999016773754,0.0005751552222916026
1091,0.0015765893616633874,0.0015905130448845993,0.0016504919879913587,0.001696547247876906,0.0016504919879913587,0.0026647787580288775,0.001206005177468053
1092,0.0014737683163375142,0.0006490578486195739,0.0024644919301545208,0.0019332498626375098,0.0031649603014370312,0.0008546999392713201,0.0010946157116983573
1093,0.007276731061916477,0.0009853683510396172,0.0048079549215400445,0.0029336129494538167,0.009822622986287314,0.007539138938008549,0.005194604894067547
1094,0.008206404680071246,5.890789055128146e-05,0.006911502140498532,0.00449734968045147,0.011313528143512474,0.0028661366384587126,0.005210670682399715
1095,0.0015476709426654855,0.00018743419720862283,0.00135166832501304,0.0011353157088065155,0.004192099702140284,0.0020992630087365758,0.0017543840858727097
1096,0.004269215486134689,0.00293682610712025,0.0035880260608507795,0.003119976094106962,0.0011545946548051165,0.02029109066352777,0.009283883550881958
1097,0.018577406574763217,0.006956486347828601,0.05219453313354633,0.01062377029778474,0.011814780739476104,0.01314824117104602,0.01666236460556883
1098,0.013042206968053714,0.0011610209701379836,0.011179646574077743,0.00376689183761558,0.0026915550719158235,0.013891551644547646,0.002098191956181098
1099,0.00957628089852741,0.0692082029773119,0.037332607873735754,0.04736729926600768,0.011824420212475406,0.035539665895865845,0.0578957458863549
1100,0.004361326005905783,0.012199288606892652,0.008487020449606442,0.00947131774809058,0.0017672367165384438,0.026572813901405326,0.01617931990304832
1101,0.009569854583194542,0.02753569014877991,0.022382856304376,0.022673111546910495,0.009720872993516918,0.0005119631215184097,0.02499622453974194
1102,0.0,0.0,0.0015883709397736436,0.0011256762358072148,0.0005997894310675931,0.0015005446302244604,0.0
1103,0.00097894203570675,0.0017747340844267887,0.001558381468220264,0.0007304578428358901,0.0005687289069587356,0.0009714446678184051,0.0016836946172111718
1104,0.001082834133588101,0.0008429183611610637,0.0017008314580988174,0.0,0.0013163235906822712,0.0008504157290494087,1.0710525554778447e-06
1105,0.00039843155063775824,0.002613368235365941,0.026483916539300666,0.001247776227131689,0.00046912101929929596,0.0004573394411890397,0.003109265568552183
1106,0.034853121207804545,0.02015185383131565,0.037713902583485864,0.017072577734316845,0.09469818274512912,0.002552318239703704,0.007435246840127198
1107,0.001206005177468053,0.0012338525439104771,0.00147591042144847,0.0006147841668442828,0.001185655178913974,0.01556453573620404,0.009598773002192444
1108,0.047427278209114444,0.024606361409548003,0.05187643052456941,0.018099717135020097,0.09925015610590995,0.023874832514156636,0.024501398259111174
1109,0.005378825933609736,0.00036737102652890073,0.0,6.426315332867068e-06,5.355262777389224e-06,0.0,4.284210221911379e-06
1110,0.0037636786799491464,0.0035901681659617356,0.003992883926821405,0.000661910479285308,0.0030760629393323698,0.00379152604639157,0.003991812874265927
1111,0.007550920516118805,0.004425589159234454,0.007206041593254939,0.0018914788129738738,0.004739407557989463,0.007374196844464961,0.005107849637073841
1112,2.1421051109556894e-06,0.0,1.0710525554778447e-06,0.0,0.0,0.0,0.0
1113,0.0016429946201030137,0.0008718367801589656,0.0020799840627379745,0.0013677341133452076,0.0022717024701685087,0.0026604945478069662,0.0020167919619647817
1114,0.0014255709513410113,0.0011888683365804077,0.001786515662537045,3.2131576664335344e-05,0.0007261736326139787,0.0018272156596452031,0.0003330973447536097
1115,4.284210221911379e-06,2.1421051109556894e-06,3.213157666433534e-06,2.1421051109556894e-06,0.0,3.213157666433534e-06,0.00012317104387995215
1116,0.0004723341769657295,3.7486839441724567e-05,5.141052266293654e-05,0.0007422394209461463,0.0007358131056132793,5.141052266293654e-05,0.0007625894195002254
1117,0.0,0.0,0.0,0.0,0.0,0.0,0.0
1118,0.0006329920602874062,0.0,0.0013484551673466065,0.0007315288953913679,0.0,0.0007390262632797129,0.0
1119,0.002317757730054056,0.0028672076910141904,0.0016933340902104725,0.003668355002511618,0.0035141234345228084,0.0025084050849291124,0.004636586512663589
1120,0.039525052454798905,0.008856533581246297,0.029555695268411123,0.01091723869798567,0.06067298516270895,0.016198598849046925,0.006293504815987816
1121,0.0033684602869778215,0.0030974839904419267,0.00474583387332233,0.005798678535357051,0.004399883897902986,0.0012852630665734137,0.0033052681862046286
1122,0.03356571603612017,0.002323112992831445,0.02290874310911562,6.854736355058206e-05,0.05286394098071998,0.0023841629884936823,0.0007743709976104817
1123,0.000992865718927962,0.000834349940717241,0.001028210453258731,0.000758305209278314,0.0009125367772671236,0.0014223577936745778,0.0008493446764939309
1124,0.0,0.0,0.0,0.0,0.0,0.0,0.0
1125,0.0,0.0,0.0,0.0,0.0,0.0,0.0
1126,0.0019461024933032439,0.0032999129234272395,0.0033427550256463533,0.0056091022330374725,0.0035001997513015963,0.0029839524195612753,0.0038868497238290986
1127,1.0710525554778447e-05,6.426315332867068e-06,7.497367888344913e-06,1.392368322121198e-05,7.497367888344913e-06,2.2492103665034738e-05,1.0710525554778447e-05
1128,0.0008150709947186398,0.0005055368061855427,6.961841610605991e-05,0.0015198235762230617,3.962894455268025e-05,9.746578254848386e-05,0.00030310787320023006
1129,0.0004294920747466157,0.0004562683886335618,1.7136840887645515e-05,0.0007229604749475452,0.0004509131258561726,1.2852630665734135e-05,0.0005280289098505774
1130,7.818683654988266e-05,0.000158515778210721,5.99789431067593e-05,0.00042520786452470436,0.00010603420299230662,6.854736355058206e-05,0.0005258868047396218
1131,0.014331754244849039,0.030917003066423466,0.0122839017587754,0.08394481508813155,0.015223941023562084,0.05356119619433606,0.03250537400619711
1132,0.002235286683282262,0.0019418182830813323,0.0027408234894678047,0.000751878893945447,0.0009660894050410159,0.0016494209354358808,3.213157666433534e-06
1133,0.008975420414904338,0.029524634744302267,0.008113223107744674,0.07848780231797194,0.01131031498584604,0.048288404463718626,0.030106216281926737
1134,0.006450949541643059,0.02887664794823817,0.012827996456958146,0.07607043670025844,0.0017940130304253898,0.03999952873687559,0.02976669262184026
1135,0.008605907283264482,0.004133191811589003,0.010891533436654202,0.002922902423899038,0.015743401512968838,0.04362397058461261,0.034575718595935785
1136,0.0,0.0029764550516729305,0.0005087499638519763,0.0,0.00012531314899090783,0.015550612052982827,0.009443470381648156
1137,0.033963076534202455,0.03890598407773271,0.040182678723862296,0.07720789451417591,0.08198800206927354,0.0556861644644041,0.0443255100084506
1138,0.036124460591156746,0.03496451067357424,0.022613132603803734,0.029938061030716716,0.08547642024246488,0.013050775388497537,0.028119413791515335
1139,0.04892246757656151,0.034722452796036245,0.014014722688427598,0.059495898404238794,0.13704545868361215,0.06394505071969377,0.02817082431417827
1140,0.000765802577166659,0.0008793341480473105,0.008266383623178006,0.001364520955678774,0.0014834077893368148,0.016153614641716853,0.0018015103983137347
1141,0.016788748807115214,0.017309280349077447,0.008933649365240702,0.016857296170665798,0.036845278960993336,0.019367843360705867,0.006958628452939557
1142,0.012301038599663047,0.014036143739537155,0.005683004859365444,0.008620902019041171,0.026748466520503694,0.014875848943031785,0.00849237571238383
1143,0.010035762444827404,0.01128032551429266,0.013758741127668393,0.008136786263965187,0.013972951638763963,0.009832262459286614,0.006468086382530704
1144,0.007914007332425794,0.01575732519619005,0.011978651780464216,0.01041063083924465,0.007852957336763557,0.0077544205016595955,0.007933286278424396
1145,0.004447010210344011,0.0053541917248337454,0.0020403551181852942,0.0009500236167088482,0.002759031382910928,0.0007454525786125799,0.0013891551644547645
1146,0.004912918071976874,0.0108722544906556,0.005023236485191092,0.005011454907080835,0.0050157391173027465,0.004883999652978972,0.007500581046011347
1147,0.0025287550834831914,0.006736920573955643,0.002854355060348456,0.0027493919099116273,0.0015712340988859983,0.002536252451371536,0.005761191695915327
1148,0.0020457103809626833,0.003925407615826301,0.0019825182801894905,0.002708691912803469,0.0018507788158657157,0.0006683367946181751,0.001200649914690664
1149,0.009980067711942557,0.004227444436471053,0.006164978509330474,0.006267799554656347,0.0083488546699498,0.010575572932788239,0.007088225812152376
1150,0.0029357550545647724,0.0008557709918267979,0.0009028973042678231,0.0016290709368818018,0.0029250445290099937,0.002854355060348456,0.0019075446013060414
1151,0.0014512762126724795,0.0029046945304559146,0.004229586541582009,0.003011799786003699,0.0014609156856717801,0.0014598446331163023,0.0022631340497246857
1152,9.639472999300602e-06,0.0,0.0,0.0,0.0,0.0,0.0
1153,0.0,0.0,0.0,0.0,0.0,1.0710525554778447e-06,0.0
1154,1.0710525554778447e-06,4.284210221911379e-06,1.0710525554778447e-06,0.0,1.0710525554778447e-06,5.355262777389224e-06,3.213157666433534e-06
1155,9.639472999300602e-06,1.6065788332167672e-05,5.355262777389224e-06,0.0002656210337585055,9.639472999300602e-06,0.0,7.497367888344913e-06
1156,0.0014544893703389132,0.0014609156856717801,0.0007015394238379883,0.001200649914690664,0.0014534183177834351,0.0014630577907827358,0.0006469157435086182
1157,0.0,0.0006254946923990612,0.00029668155786736296,0.0,4.284210221911379e-06,0.0002152815636510468,0.0010239262430368195
1158,0.001951457756080633,0.0014962604200025491,0.0011331736036955596,0.0014598446331163023,0.0033149076592039295,0.0009618051948191046,0.0037947392040580037
1159,1.8207893443123358e-05,0.0007036815289489439,2.1421051109556895e-05,2.0349998554079048e-05,0.0002677631388694612,3.213157666433534e-06,2.2492103665034738e-05
1160,0.007917220490092228,0.010005772973274025,0.007818683654988267,0.005449515402271274,0.00856734939126728,0.012665196468525514,0.00883082831991483
1161,0.007117144231150278,0.0070635916033763855,0.010116091386488243,0.006902933720054709,0.007547707358452372,0.011465617606390328,0.010827270283325531
1162,0.002580165606146128,0.0009050394093787788,0.00025705261331468275,0.00844310729483185,0.004903278598977573,0.007059307393154474,0.004501633890673381
1163,0.00493433912308643,0.001737247244985064,0.00029775261042284083,0.008743002010365646,0.008859746738912731,0.006076081147225813,0.004873289127424193
1164,0.0007433104735016243,0.002798660327463608,0.0014630577907827358,0.006667302157849583,0.012603075420307799,0.003095341885330971,0.008327433618840243
1165,0.0034712813323036947,0.0026904840193603457,0.0003845078674165462,0.006894365299610886,0.014432433185063957,0.002614439287921419,0.009413480910094777
1166,0.012520604373536004,0.0037893839412806146,0.019411756515480456,0.01214466492656328,0.011252478147850237,0.0021474603737330787,0.004266002328468256
1167,0.009017191464567975,0.0016012235704393777,0.003328831342425141,0.011571651809382634,0.015063283140240408,0.0034884181731913402,0.006629815318407859
1168,0.0009810841408177057,0.0024677050878209542,0.01563522520486558,0.00092431835537738,0.0006094289040668936,0.0015348183119997514,0.002666920863139833
1169,0.014509548969058362,0.00224599720883704,0.02049351959651308,0.015257143652781897,0.005590894339594349,0.008560923075934413,0.00042092365430279296
1170,0.01524536207467164,0.0004798315448540744,0.01708971457520449,0.011719457062038576,0.006103928513668237,0.007485586310234656,0.0001563736730997653
1171,0.003840794463943551,0.00465158124844028,0.007638746825667988,0.00546129698038153,0.0025833787638125613,0.007221036329031629,0.012971517499392177
1172,0.000379152604639157,0.00015958683076619886,0.000641560480731229,0.00047126312441025166,0.0,0.0002666920863139833,0.0
1173,2.3563156220512585e-05,2.1421051109556895e-05,2.1421051109556895e-05,2.784736644242396e-05,0.00019064735487505635,2.4634208775990428e-05,2.784736644242396e-05
1174,0.004575536517001352,0.003935047088825601,0.002973241894006497,0.0029196892662326046,0.003078205044443326,0.0043356207445743155,0.006651236369517415
1175,0.0015305341017778401,0.0023980866717148944,0.0008354209932727189,0.000813999942163162,0.0006640525843962637,0.000876120990380877,0.0013066841176829706
1176,8.568420443822758e-06,5.355262777389224e-06,1.4994735776689825e-05,3.213157666433534e-06,5.355262777389224e-06,9.639472999300602e-06,9.639472999300602e-06
1177,6.854736355058206e-05,7.17605212170156e-05,0.0001006789402149174,5.248157521841439e-05,6.854736355058206e-05,9.211051977109464e-05,0.00014244998987855334
1178,0.00039736049808228037,0.0003662999739734229,0.0004776894397431187,0.00019921577531887912,0.0003073920834221414,0.0003363105024200432,0.0007593762618337919
1179,0.0013548814826794735,0.00045412628352260617,0.0010914025540319236,0.000737955210724235,0.0004883999652978972,0.0005515920660710901,0.0003116762936440528
1180,9.639472999300602e-06,1.9278945998601205e-05,9.639472999300602e-06,8.568420443822758e-06,1.1781578110256292e-05,1.2852630665734135e-05,1.392368322121198e-05
1181,0.007348491583133492,0.004500562838117904,0.018895509183740136,0.005778328536802972,0.00579439432513514,0.004078568131259633,0.006824746883504826
1182,0.0045198417841165045,0.004019660240708351,0.012987583287724345,0.0032238681919883124,0.0039532549822687245,0.0034937734359687294,0.003536615538187843
1183,0.0006447736383976625,0.0004059289185261031,0.0006404894281757511,1.8207893443123358e-05,5.248157521841439e-05,1.8207893443123358e-05,1.1781578110256292e-05
1184,0.0,0.0,0.0,1.0710525554778447e-06,0.0,0.0,0.0
1185,0.007975057328088031,2.2492103665034738e-05,0.0006522710062860075,0.0065944705840770895,0.003012870838559177,0.003714410262397165,2.2492103665034738e-05
1186,0.0058672258989076334,1.0710525554778447e-05,2.0349998554079048e-05,0.0038868497238290986,0.0016719130391009156,0.002545891924370837,6.426315332867069e-05
1187,0.0014609156856717801,0.0024237919330463626,0.007398831053240951,0.0040507207648172085,0.00899469936090294,0.003102839253219316,0.00435811284823935
1188,5.890789055128146e-05,5.569473288484792e-05,2.2492103665034738e-05,4.819736499650301e-05,6.104999566223715e-05,5.462368032937008e-05,5.355262777389224e-06
1189,1.4994735776689825e-05,1.2852630665734135e-05,2.3563156220512585e-05,1.4994735776689825e-05,1.4994735776689825e-05,1.9278945998601205e-05,2.1421051109556895e-05
1190,0.003330973447536097,0.0013955814797876316,0.004441654947566622,0.0016194314638825012,0.0005965762734011595,0.0010699815029223667,0.0015155393660011502
1191,0.0008418473086055859,3.427368177529103e-05,0.0013013288549055813,4.284210221911379e-05,0.00010389209788135093,9.532367743752817e-05,0.0005997894310675931
1192,6.426315332867068e-06,5.355262777389224e-06,0.00018743419720862283,6.426315332867068e-06,1.7136840887645515e-05,1.0710525554778447e-05,1.0710525554778447e-05
1193,0.0,0.0,0.0,0.0,0.0,0.0,0.0
1194,0.0003523762907522109,0.00020885524831817972,4.9268417551980855e-05,4.391315477459163e-05,4.605525988554732e-05,3.534473433076887e-05,7.068946866153775e-05
1195,0.011656264961265385,0.012753022778074696,0.008126075738410407,0.008724794116922523,0.007256381063362398,0.011029699216310845,0.009906165085614586
1196,0.0071781942268125155,0.007059307393154474,0.006157481141442129,0.006986475819381981,0.00720068633047755,0.00952701248097543,0.0078047599717670545
1197,0.01126104656829406,0.01076836239277425,0.005102494374296452,0.005480575926380131,0.002985023472116753,0.005344552251834445,0.003942544456713946
1198,0.027511055940003918,0.03038254784124002,0.012279617548553489,0.01917076969049794,0.037159097359748344,0.023139019408543356,0.01213074124334207
1199,0.009097520406228812,0.026271848133316053,0.009413480910094777,0.013488835883687976,0.0033277602898696633,0.009271030920216224,0.012748738567852785
1200,0.0035537523790754887,0.0015605235733312198,0.0036233707951815485,0.0028832734793463577,0.0011888683365804077,0.0023488182541629133,0.0011781578110256292
1201,0.01047060978235141,0.021964074755184162,0.017257869826414512,0.015426369956547397,0.005642304862257285,0.018196111865013104,0.014995806829245303
1202,0.0074491705233484095,0.00971016246796214,8.247104677179404e-05,0.0026701340208062667,0.0013677341133452076,0.00166977093398996,0.0020339288028524273
1203,0.003054641888222813,0.0058404495850206874,0.0048850707055344495,0.005594107497260783,0.0032388629277650023,0.009986494027275424,0.01023176506247985
1204,0.013758741127668393,0.01610970148694226,0.00867659675192602,0.005796536430246095,0.003683349738288308,0.009098591458784291,0.006732636363733732
1205,0.0038118760449456493,0.005241731206508572,0.0026187234981433303,0.002847928745015589,0.0058875758974617125,0.00714606265014818,0.0051132048998512305
1206,0.0021399630058447335,0.002329539308164312,0.0022438551037260845,0.0009468104590424147,0.0010849762386990567,0.0016740551442118712,0.0005194604894067547
1207,0.0,0.0,0.0,0.00034166576519743244,0.00039843155063775824,0.0,1.0710525554778447e-06
1208,0.0002034999855407905,0.0004005736557487139,3.855789199720241e-05,3.320262921981319e-05,0.0,0.0,0.0
1209,0.00015423156798880964,9.10394672156168e-05,1.0710525554778447e-06,0.000310605241088575,0.00016922630376549946,0.0,0.00021099735342913542
1210,0.001731891982207675,0.008536288867158423,0.005546981184819758,0.0028425734822381996,0.00782725207543209,0.010869041332989169,0.006066441674226512
1211,0.004032512871374085,0.003317049764314885,0.005942199577791083,0.0016676288288790043,0.003524833960077587,0.0019193261794162976,0.0011824420212475405
1212,0.009121083562449325,0.0007743709976104817,0.000820426257496029,0.004640870722885501,0.00591328115879318,0.006667302157849583,0.007456667891236755
1213,0.02394766408792913,0.0044523654731214,0.0034723523848591725,0.012768017513851386,0.019295011786933373,0.0177612645274891,0.011555586021050467
1214,0.014919762097806377,0.0055491232899307135,0.0049589733318624206,0.011825491265030883,0.022812348379122615,0.014289983195185403,0.00584901800546451
1215,0.0005151762791848433,0.003758323417171757,0.0011417420241393824,0.027099771758700427,0.04727518874623659,0.01018785190770526,0.00375189710183889
1216,0.011789075478144636,0.006687652156403662,0.00044877102074521695,0.037048778946534126,0.07042491868033472,0.022840195745565037,0.00708608370704142
1217,0.0020810551152934524,0.0005162473317403211,0.00442773126434541,0.0004284210221911379,0.0006383473230647954,0.00183364197497807,4.605525988554732e-05
1218,0.000537668382849878,0.0,6.426315332867068e-06,1.0710525554778447e-06,0.0,0.0,8.568420443822758e-06
1219,0.007957920487200386,0.003599807638961036,0.005364902250388524,0.008659459911038375,0.02176057476964337,0.013261772741926673,0.006796899517062403
1220,0.00465158124844028,0.0014566314754498688,0.0026380024441419315,0.0020607051167393733,0.0024023708819368057,0.004443797052677578,0.0005805104850689918
1221,0.006145699563331873,0.006790473201729535,0.008414188875833948,0.0348745422589141,0.053858948804758895,0.01668164355156743,0.005342410146723489
1222,0.027477853310784107,0.011427059714393124,0.009803344040288712,0.04536228888215316,0.07003505555014079,0.02050851433228977,0.006973623188716247
1223,1.0710525554778447e-06,3.2131576664335344e-05,0.0028789892691244465,7.390262632797128e-05,0.0001702973563209773,0.00023348945709417013,0.0008354209932727189
1224,0.0038739970931633643,0.0026797734938055675,0.008473096766385229,0.0025212577155948462,0.0017704498742048772,0.004776894397431187,0.0034980576461906407
1225,0.0014630577907827358,0.0038108049923901714,0.012307464914995913,0.009863322983395472,0.0023616708848286476,0.006465944277419748,0.0061157100917784936
1226,0.0016097919908832005,0.002689412966804868,0.005272791730617429,0.0038804234084962312,0.004734052295212073,0.011549159705717599,0.003343826078201831
1227,0.0007850815231652601,0.0011942235993577968,0.0015830156769962545,0.0011749446533591956,0.001220999913244743,0.0009618051948191046,0.0008161420472741176
1228,0.0011363867613619933,0.0008300657304953296,0.012316033335439736,0.004624804934553334,0.0040571470801500755,0.0017683077690939216,0.0016729840916563934
1229,0.000862197307159665,0.002126039322623522,0.0071674837012577364,0.0007990052063864721,0.0030192971538920443,0.0005987183785121151,0.0005837236427354254
1230,0.005021094380080136,0.0009532367743752818,0.007548778411007849,0.008067167847859127,0.006757270572509722,0.005820099586466608,0.006875086353612285
1231,0.0002848999797571067,0.00022170787898391386,0.0,0.0009703736152629273,0.0,0.000972515720373883,0.0
1232,0.002704407702581558,0.0010774788708107117,0.00889080726302159,0.005823312744133041,0.006194967980883853,0.00535204961972279,0.005938986420124649
1233,0.0023563156220512585,0.0013955814797876316,0.006875086353612285,0.017738772423824063,0.002860781375681323,0.005674436438921621,0.0011181788679188699
1234,0.006676941630848884,0.004708347033880606,0.007593762618337919,0.006030025887340266,0.021307519538676243,0.011988291253463516,0.019987982790327537
1235,0.006342773233539796,0.00753378367523116,0.012497041217315492,0.010783357128550941,0.012306393862440436,0.00930744670710247,0.01541030416821523
1236,0.02605977972733144,0.025685982385469673,0.01573911730274693,0.034992358040016665,0.03300876870727169,0.029232237396656816,0.03441613176516958
1237,0.026979813872486907,0.05030412537312793,0.001109610447475047,0.031106579368743042,0.011537378127607342,0.029607105791074062,0.029257942657988284
1238,0.012882620137287516,0.006007533783675231,0.012754093830630175,0.004200668122584107,0.008145354684409009,0.005671223281255188,0.008210688890293158
1239,0.0035205497498556754,0.010062538758714351,0.0027076208602479913,0.004872218074868716,0.002441999826489486,0.004426660211789932,0.0020435682758517277
1240,0.004034654976485041,0.0033459681833127868,0.0025298261360386693,0.0017265367194302856,0.0009703736152629273,5.462368032937008e-05,0.000158515778210721
1241,0.010636622928450476,0.0006865446880612985,0.004699778613436782,0.00022706314176130309,0.004447010210344011,0.0004766183871876409,7.604473143892697e-05
1242,0.03983137348566557,0.0036544313192904063,6.426315332867068e-06,0.0020864103780708415,0.09560750636472981,0.00026990524398041684,0.0004787604922985966
1243,0.0011481683394722495,0.00544630224460484,0.0019621682816354114,0.0036908471061766527,0.004749047030988763,0.0,0.005254583837174306
1244,0.04895245704811489,0.0005922920631792481,0.0,0.0007433104735016243,0.09566534320272561,8.032894166083836e-05,5.462368032937008e-05
1245,0.00039521839297132467,0.002800802432574564,0.012621283313750922,0.001627999884326324,0.0003812947097501127,0.0006747631099510422,0.0008771920429363548
1246,0.012754093830630175,1.9278945998601205e-05,0.012768017513851386,4.284210221911379e-06,0.005408815405163116,0.007246741590363097,8.568420443822758e-06
1247,0.0012102893876899646,0.0005772973274025582,0.00032024471408787555,2.784736644242396e-05,0.0005044657536300649,0.0027215445434692035,4.284210221911379e-06
1248,0.00013709472710116412,6.426315332867068e-06,2.1421051109556894e-06,1.0710525554778447e-05,0.00037165523675081213,0.0005044657536300649,7.497367888344913e-06
1249,1.0710525554778447e-06,0.0,2.1421051109556895e-05,1.0710525554778447e-06,3.213157666433534e-06,4.284210221911379e-06,6.426315332867068e-06
1250,0.02207867737862029,0.0,0.0,0.0,0.0,0.0,0.0
1251,0.0,0.0013473841147911287,0.00034809208053029954,0.002379878778271771,2.570526133146827e-05,8.568420443822758e-05,0.002807228747907431
1252,0.0026337182339200202,0.0023734524629389036,0.004157826020364993,0.001953599861191589,0.005216025945177103,0.0014737683163375142,0.002034999855407905
1253,0.017744127686601455,0.000158515778210721,0.0007433104735016243,7.711578399440482e-05,0.0015283919966668845,0.00016172893587715456,8.139999421631619e-05
1254,0.0,3.6415786886246717e-05,0.0009853683510396172,0.0005398104879608337,7.818683654988266e-05,0.0011278183409181705,0.00015208946287785394
1255,0.0020435682758517277,0.01160378338604697,0.007510220519010647,0.011055404477642312,0.006826888988615782,0.007104291600484544,0.011282467619403616
1256,0.014171096361527363,0.0004091420761925367,0.0012381367541323884,5.355262777389224e-06,0.0037133392098416874,9.960788765943956e-05,6.426315332867069e-05
1257,0.005076789112964984,8.675525699370542e-05,0.0007947209961645607,0.00018529209209766713,0.0002634789286475498,0.00030310787320023006,0.0001435210424340312
1258,0.00030524997831118576,0.00042306575941374866,0.004201739175139585,0.0021142577445132653,0.0012381367541323884,0.0019578840714135,0.001635497252214669
1259,0.00547629171615822,0.0026251498134761972,0.002228860367949395,0.0024377156162675743,0.001766165663982966,0.0027065498076925135,0.0028875576895682695
1260,0.0006672657420626972,1.7136840887645515e-05,0.0005537341711820457,6.426315332867068e-06,0.0004391315477459163,0.0,0.0
1261,0.00293682610712025,2.6776313886946118e-05,0.0005569473288484793,9.639472999300602e-06,2.4634208775990428e-05,0.00021635261620652464,0.00013495262199020842
1262,0.00048304470252050793,0.00010174999277039525,0.0013206078009041825,0.0011278183409181705,0.0011599499175825058,0.0011321025511400818,0.0009318157232657249
1263,0.0002441999826489486,0.00011888683365804077,0.00016387104098811023,0.00013281051687925275,0.0003084631359776193,2.0349998554079048e-05,0.00022384998409486954
1264,0.0019193261794162976,0.0001531605154333318,0.0005258868047396218,2.784736644242396e-05,3.427368177529103e-05,2.1421051109556894e-06,0.0
1265,0.0015487419952209633,0.0019493156509696773,0.0029486076852305062,0.002433431406045663,0.0017158261938755072,0.0028789892691244465,0.0021346077430673444
1266,0.00025491050820372705,0.0007015394238379883,0.0007486657362790135,0.00040164470830419177,0.002036070907963383,0.0006019315361785487,0.000876120990380877
1267,0.0003405947126419546,0.00019064735487505635,0.001027139400703253,0.0002677631388694612,0.00034594997541934384,0.0005623025916258685,0.0002613368235365941
1268,0.0016612025135461371,0.00035558944841864446,0.0018165051340904247,4.712631244102517e-05,0.00062121048217715,0.002006081436410003,0.0007165341596146781
1269,0.00874621516803208,0.01117643341641131,0.005175325948068946,0.008992557255791985,0.005807246955800874,0.0038118760449456493,0.00721568106625424
1270,0.0020596340641838955,0.0031542497758822526,0.00245485245715522,0.0022781287855013757,0.0023006208891664104,0.0007915078384981273,0.0018165051340904247
1271,0.0018400682903109372,0.0014812656842258592,0.0006254946923990612,0.0005119631215184097,0.00041985260174731513,0.001337744641791828,0.0011963657044687524
1272,0.0024730603505983433,0.001799368293202779,0.007686944190664491,0.0014448498973396126,0.0023638129899396032,0.002938968212231206,0.002115328797068743
1273,0.0038847076187181425,0.005077860165520462,0.003007515575781788,0.004547689150558929,0.0025769524484796943,0.005360618040166612,0.0033063392387601065
1274,0.0011995788621351861,0.0018914788129738738,0.0020992630087365758,0.0018839814450855288,0.0006104999566223715,0.0015530262054428748,0.000882547305713744
1275,0.0012359946490214328,0.0010571288722566327,0.0007572341567228362,0.000393076287860369,0.000669407847173653,0.0024730603505983433,0.0018079367136466019
1276,0.0038472207792764183,0.003068565571444025,0.005971117996788984,0.00423387075180392,0.0019493156509696773,0.0037369023660622,0.003530189222854976
1277,0.0005880078529573367,0.0026294340236981085,0.0009853683510396172,0.0016419235675475359,0.0006244236398435834,0.0010507025569237657,0.0018914788129738738
1278,0.00018529209209766713,0.00010603420299230662,0.00014887630521142042,6.961841610605991e-05,8.032894166083836e-05,0.0002559815607592049,0.0003073920834221414
1279,0.0006918999508386877,0.0008418473086055859,0.00016601314609906593,6.747631099510421e-05,9.853683510396171e-05,0.0030375050473351677,0.0022845551008342426
1280,0.0004883999652978972,0.002944323475008595,0.001164234127804417,6.533420588414852e-05,0.0016676288288790043,0.0008696946750480099,0.00011567367599160723
1281,0.001677268301878305,0.000896470988934956,0.0015133972608901945,0.002847928745015589,0.0008643394122706206,0.002053207748851028,0.0008546999392713201
1282,0.0006533420588414853,0.0037615365748381907,0.001241349911798822,0.0015508841003319192,0.0026583524426960106,0.0031692445116589425,0.0014459209498950904
1283,0.0003330973447536097,0.0009350288809321585,0.00017886577676480005,0.00016708419865454378,1.4994735776689825e-05,0.00034916313308577736,0.0006115710091778493
1284,0.00011674472854708507,0.002034999855407905,0.00044984207330069477,0.0002634789286475498,0.0009360999334876363,0.001895763023195785,0.00018314998698671145
1285,0.0,0.0,0.0,0.0,0.0,0.0,0.0
1286,0.0036726392127335293,0.002124968270068044,0.004402026003013941,0.0029143340034552155,0.002793305064686219,0.005847946952909032,0.0035141234345228084
1287,0.0011813709686920627,0.0006993973187270325,0.0011342446562510376,0.0005451657507382229,0.00048304470252050793,0.0008493446764939309,0.0003909341827494133
1288,0.0003116762936440528,0.0020799840627379745,0.00026026577098111627,0.0006019315361785487,0.0003598736586405558,0.0010335657160361201,0.0007454525786125799
1289,0.0005248157521841439,0.0001295973592128192,7.711578399440482e-05,0.00011888683365804077,0.00044662891563426125,0.002463420877599043,0.0022020840540624485
1290,0.005780470641913928,0.0027890208544643076,0.0039436155092694245,0.0029154050560106933,0.005311349622614632,0.00375189710183889,0.004372036531460562
1291,0.0008675525699370542,0.0017982972406473013,0.0008750499378253991,0.0015798025193298208,0.0009575209845971932,0.0004980394382971978,0.000406999971081581
1292,0.0002463420877599043,0.0009810841408177057,0.00012317104387995215,8.782630954918327e-05,0.0001006789402149174,0.001179228863581107,0.001302399907461059
1293,0.0007732999450550038,0.00016387104098811023,0.00039950260319323607,0.0003148894513104863,0.00039950260319323607,0.0009093236196006902,0.0017779472420932222
1294,0.004207094437916974,0.004942907543530254,0.003799023414279915,0.005784754852135839,0.004218876016027231,0.004413807581124198,0.009560215110195242
1295,0.0,0.00011781578110256292,1.0710525554778447e-05,1.0710525554778447e-06,1.0710525554778447e-06,9.318157232657249e-05,1.2852630665734135e-05
1296,3.427368177529103e-05,0.0002870420848680624,1.2852630665734135e-05,3.962894455268025e-05,4.1771049663635946e-05,7.604473143892697e-05,6.212104821771499e-05
1297,0.0010314236109251645,6.640525843962637e-05,0.00017458156654288868,0.00014244998987855334,0.00035558944841864446,0.00035344734330768876,0.00032238681919883125
1298,2.1421051109556895e-05,5.03394701074587e-05,0.00029882366297831866,4.4984207330069476e-05,2.6776313886946118e-05,2.570526133146827e-05,2.998947155337965e-05
1299,1.0710525554778447e-06,2.1421051109556894e-06,2.1421051109556894e-06,0.0,0.0,0.0,0.0
1300,0.0004530552309671283,2.2492103665034738e-05,6.426315332867068e-06,6.854736355058206e-05,0.00011781578110256292,9.532367743752817e-05,6.854736355058206e-05
1301,0.0011063972898086136,0.0009296736181547692,0.00032774208197622047,0.00028168682209067316,0.0003877210250829798,1.8207893443123358e-05,0.00017458156654288868
1302,0.0027879498019088298,0.0012981156972391478,0.0010635551875894998,0.0018989761808622186,0.0014866209470032485,0.0020135788042983482,0.002188160370841237
1303,0.007199615277922072,0.0032013760883232776,0.001980376175078535,0.0004294920747466157,0.002820081378573165,0.00014994735776689827,9.532367743752817e-05
1304,0.0012724104359076794,0.00044984207330069477,0.0004048578659706253,2.8918418997901807e-05,0.0004776894397431187,0.0004958973331862421,0.0002302762994277366
1305,0.007960062592311341,0.0031596050386596417,0.0054987838198232546,0.0058404495850206874,0.006615891635186647,0.003510910276856375,0.004337762849685271
1306,0.0022781287855013757,0.003952183929713247,0.002108902481735876,0.003198162930656844,0.0026701340208062667,0.005572686446151226,0.00521281278751067
1307,0.002777239276354051,0.0017597393486500988,0.0005162473317403211,0.001862560393975972,0.0005473078558491787,0.00030524997831118576,0.0005151762791848433
1308,0.0036458628988465832,0.005557691710374536,0.0011867262314694518,0.002667991915695311,0.0013291762213480053,0.004272428643801123,0.006543060061414153
1309,0.006947917927384779,0.006635170581185248,0.008947573048461915,0.014898341046696819,0.008618759913930216,0.014551320018721997,0.021167211653908644
1310,0.03284061345606167,0.012052554406792187,0.005767618011248194,0.006262444291878958,0.043791054783267155,0.006589115321299701,0.01690120932544039
1311,0.02235286683282262,0.003848291831831896,0.0023423919388300463,0.00379152604639157,0.039493991930690045,0.0022160077372836606,0.0017115419836535959
1312,0.011358512350842544,0.006248520608657746,0.013135388540380287,0.011090749211973082,0.010682678188336023,0.008558780970823457,0.005311349622614632
1313,0.024313964061902553,0.024524961415331687,0.02794269011986149,0.034128018627746046,0.021671677407538708,0.012410285960321786,0.01021141506392577
1314,0.029514995271302965,0.015848364663405667,0.010647333454005254,0.034449334394389394,0.06393219808902803,0.0021014051138475314,0.005615528548370339
1315,0.004764041766765453,0.004253149697802521,0.006340631128428841,0.00474047861054494,0.003902915512161266,0.015173601553454626,0.001007860454704652
1316,0.010513451884570523,0.0034573576490824825,0.003400591863642157,0.0024923392965969446,0.0019332498626375098,0.003219583981766401,0.0020928366934037084
1317,0.026751679678170128,0.010981501851314341,0.03696952105742877,0.004639799670330023,0.003441291860750315,0.005882220634684323,0.005395962774497382
1318,0.043796410046044544,0.018399611850553894,0.04541905466759348,0.003599807638961036,0.006623389003074992,0.010885107121321336,0.0096009151073034
1319,3.213157666433534e-06,0.0,0.0,0.00017779472420932223,2.1421051109556894e-06,0.0,0.0011781578110256292
1320,0.0024098682498251505,0.003551610273964533,0.005029662800523959,0.0027215445434692035,0.002739752436912327,0.0025276840309277136,0.00036522892141794503
1321,0.0006404894281757511,0.0018861235501964845,0.001909686706416997,0.000627636797510017,0.0003855789199720241,0.0007732999450550038,0.0004005736557487139
1322,0.001062484135034022,0.0027279708588020704,0.003111407673663139,0.000972515720373883,0.002566241922924916,0.0008086446793857728,0.00037701049952820135
1323,0.0014844788418922927,0.000786152575720738,0.0015433867324435742,0.00011246051832517369,0.0034616418593043942,0.0004905420704088529,0.00017136840887645516
1324,0.004230657594137486,0.0018454235530883263,0.005288857518949597,0.002449497194377831,0.00508857069107524,0.0013345314841253944,0.0013270341162370497
1325,0.00041878154919183726,0.0010656972927004555,0.0010999709744757464,3.534473433076887e-05,0.0011492393920277274,0.000916820987489035,0.0012745525410186353
1326,0.004474857576786435,0.0032367208226540467,0.002979668209339364,0.0038986313019393547,0.0009093236196006902,0.004773681239764754,0.008657317805927418
1327,0.0013538104301239957,0.0009510946692643261,0.00040164470830419177,0.0010432051890354207,0.0006426315332867068,0.0006854736355058206,0.0007143920545037224
1328,7.497367888344913e-05,6.426315332867068e-06,6.426315332867068e-06,2.784736644242396e-05,0.0007400973158351907,6.426315332867068e-06,8.568420443822758e-06
1329,0.00018636314465314498,0.00013602367454568627,0.0001531605154333318,0.00039414734041584684,0.0007122499493927667,0.0003780815520836792,2.1421051109556895e-05
1330,0.00032452892430978695,8.568420443822758e-06,1.1781578110256292e-05,3.427368177529103e-05,0.0014491341075615238,7.497367888344913e-06,0.00036951313163985643
1331,0.0049557601741959875,0.0010528446620347214,0.0009810841408177057,0.0026712050733617445,0.008069309952970082,0.003034291889668734,0.003911483932605089
1332,5.462368032937008e-05,8.568420443822758e-06,1.0710525554778447e-06,2.0349998554079048e-05,7.604473143892697e-05,6.854736355058206e-05,0.0016815525121002162
1333,0.0064006100715356,0.0012927604344617585,0.0018925498655293516,0.003972533928267326,0.013686980606451377,0.0040239444509302625,0.0016933340902104725
1334,0.0014052209527869322,6.961841610605991e-05,0.00011353157088065154,0.00016708419865454378,0.003350252393534698,0.0051967469991785024,0.004280997064244945
1335,0.007343136320356103,0.0012809788563515022,0.0018721998669752726,0.004669789141883403,0.018440311847662053,0.009850470352729738,0.00432812337668597
1336,0.002094978798514664,0.00183364197497807,0.0013505972724575622,0.0021067603766249205,0.0026733471784727006,0.004833660182871513,0.0030246524166694334
1337,0.0007347420530578015,0.0001295973592128192,5.676578544032577e-05,0.0006372762705093176,0.0012434920169097777,0.00032238681919883125,0.0006126420617333272
1338,0.00039736049808228037,0.0005880078529573367,0.0001606578833216767,0.0007829394180543045,0.0009028973042678231,0.0003427368177529103,0.0016226446215489346
1339,0.003001089260448921,0.0006158552193997607,0.000310605241088575,0.000717605212170156,0.0013291762213480053,0.0003909341827494133,0.0026251498134761972
1340,5.141052266293654e-05,2.3563156220512585e-05,0.0,0.00017886577676480005,2.1421051109556894e-06,0.00013281051687925275,0.0
1341,0.00026990524398041684,0.00024098682498251505,0.0007047525815044218,8.996841466013895e-05,0.0005183894368512768,0.0030728497816659363,0.0010667683452559333
1342,0.0011620920226934615,0.0013227499060151381,0.0010871183438100123,0.0011224630781407811,0.001786515662537045,0.0002324184045386923,0.004495207575340514
1343,0.0008354209932727189,0.0004337762849685271,0.002098191956181098,0.001862560393975972,0.003986457611488538,0.002490197191485989,0.00456696809655753
1344,0.0006062157464004601,0.0012338525439104771,0.0009435973013759811,0.001151381497138683,0.0009146788823780794,0.0006586973216188745,0.00019064735487505635
1345,0.001247776227131689,0.001289547276795325,0.002083197220404408,0.0014523472652279573,0.0016997604055433396,0.003277420819762205,0.0038033076245018267
1346,0.0026176524455878525,0.004887212810645405,0.0016515630405468365,0.0037626076273936685,0.0033523944986456537,0.0025823077112570834,0.002781523486575963
1347,0.017986185564139445,0.015424227851436441,0.011098246579861427,0.015398522590104973,0.03552145800242272,0.02707835070759087,0.015454217322989822
1348,0.00432812337668597,0.020715227475496995,0.002615510340476897,0.012278546495998011,0.005634807494368941,0.006109283776445626,0.0035184076447447197
1349,0.006091075883002503,0.0013227499060151381,0.005731202224361947,0.00745880999634771,0.0034819918578584733,0.011175362363855832,0.011371364981508278
1350,0.006845096882058905,0.011475257079389628,0.010061467706158874,0.015700559410749725,0.010347438738471458,0.023819137781271787,0.012188578081337872
1351,0.0011203209730298255,0.000573013117180647,0.0009510946692643261,0.005986112732565674,0.0018657735516424054,0.02050744327973429,0.004687997035326527
1352,0.009324583547990116,0.012399575434767008,0.012742312252519919,0.014186091097304053,0.007939712593757262,0.004370965478905084,0.009687670364297105
1353,0.0008879025684911333,0.0009960788765943957,0.0009286025655992913,0.0017115419836535959,0.005272791730617429,0.0009543078269307596,0.0017683077690939216
1354,0.00047554733463216306,4.284210221911379e-06,3.855789199720241e-05,0.0013666630607897298,0.0007004683712825105,0.00046912101929929596,0.00011353157088065154
1355,0.0017950840829808678,0.0053209890956139325,0.001497331472558027,0.008769778324252592,0.002173165635064547,0.004162110230586905,0.006288149553210426
1356,0.012709109623300106,0.011371364981508278,0.007133210019482445,0.010149294015708056,0.01622965937315578,0.012430635958875865,0.021504593208884166
1357,0.011601641280936013,0.027698490137212543,0.023989435137592767,0.021345006378117967,0.03372744497199733,0.025887340265899506,0.026860927038828867
1358,0.00046376575652190674,0.0009071815144897344,0.014016864793538553,0.0003063210308666636,0.026307192867646823,0.017271793509635723,0.013897977959880512
1359,0.022489961559923784,0.01613005148549634,0.009114657247116457,0.012975801709614088,0.017976546091140147,0.018385688167332683,0.010482391360461666
1360,0.0009082525670452123,0.006974694241271725,0.01065911503211551,0.000786152575720738,0.007818683654988267,0.012003285989240206,0.011192499204743477
1361,0.008377773088947701,0.004028228661152174,0.004544475992892495,0.007874378387873113,0.0027536761201335386,0.003714410262397165,0.0018400682903109372
1362,0.012228207025890553,0.010441691363353508,0.016226446215489347,0.008036107323750269,0.009808699303066102,0.01509220155923831,0.014502051601170017
1363,1.4994735776689825e-05,3.320262921981319e-05,2.998947155337965e-05,2.570526133146827e-05,0.00013923683221211982,2.0349998554079048e-05,2.998947155337965e-05
1364,0.0,0.0,0.0,4.284210221911379e-06,1.6065788332167672e-05,9.639472999300602e-06,0.0
1365,0.0027526050675780608,0.00237023930527247,0.0019825182801894905,0.0021206840598461327,0.0015305341017778401,0.0028243655887950766,0.0032570708212081257
1366,0.0014116472681197994,0.0014994735776689826,0.0011074683423640914,2.1421051109556894e-06,0.00080007625894195,0.0017554551384281875,0.0007818683654988266
1367,3.213157666433534e-06,0.0,0.0,0.0004316341798575714,6.747631099510421e-05,0.00042306575941374866,0.0
1368,0.0,0.0,0.0,1.4994735776689825e-05,0.0,0.0,0.0
